{
	"__comment": "Designed by Ozzy with Cubik Studio - https://cubik.studio",
	"textures": {
		"texture": "item/playeritems/radio"
	},
	"elements": [
		{
			"__comment": "Voxels",
			"from": [ -0.5, 0.25, 7.25 ],
			"to": [ 4.25, 3.75, 7.75 ],
			"faces": {
				"down": { "uv": [ 9.8125, 15.0625, 11, 15.1875 ], "texture": "#texture" },
				"up": { "uv": [ 8.625, 15.1875, 9.8125, 15.0625 ], "texture": "#texture" },
				"north": { "uv": [ 5.25, 15.125, 4.0625, 16 ], "texture": "#texture" },
				"south": { "uv": [ 4.0625, 14.25, 5.25, 15.125 ], "texture": "#texture" },
				"west": { "uv": [ 1.3125, 8.1875, 1.4375, 9.0625 ], "texture": "#texture" },
				"east": { "uv": [ 1.3125, 8.1875, 1.1875, 9.0625 ], "texture": "#texture" }
			}
		},
		{
			"__comment": "Voxels",
			"from": [ -0.5, 0.5, 6.5 ],
			"to": [ 4.25, 3.5, 7.25 ],
			"faces": {
				"down": { "uv": [ 8.625, 15.25, 9.8125, 15.4375 ], "texture": "#texture" },
				"up": { "uv": [ 9.8125, 15.4375, 11, 15.25 ], "texture": "#texture" },
				"north": { "uv": [ 5.25, 13.5, 4.0625, 14.25 ], "texture": "#texture" },
				"south": { "uv": [ 4.0625, 12.75, 5.25, 13.5 ], "texture": "#texture" },
				"west": { "uv": [ 0.9375, 9.0625, 1.125, 9.8125 ], "texture": "#texture" },
				"east": { "uv": [ 1.3125, 9.0625, 1.125, 9.8125 ], "texture": "#texture" }
			}
		},
		{
			"__comment": "Voxels",
			"from": [ -0.5, 0.5, 7.75 ],
			"to": [ 4.25, 3.5, 8.5 ],
			"faces": {
				"down": { "uv": [ 11, 15.25, 12.1875, 15.4375 ], "texture": "#texture" },
				"up": { "uv": [ 12.1875, 15.4375, 13.375, 15.25 ], "texture": "#texture" },
				"north": { "uv": [ 5.25, 11.25, 4.0625, 12 ], "texture": "#texture" },
				"south": { "uv": [ 4.0625, 12, 5.25, 12.75 ], "texture": "#texture" },
				"west": { "uv": [ 1.3125, 9.0625, 1.5, 9.8125 ], "texture": "#texture" },
				"east": { "uv": [ 1.6875, 9.0625, 1.5, 9.8125 ], "texture": "#texture" }
			}
		},
		{
			"__comment": "Voxels",
			"from": [ -0.5, 0.75, 6.25 ],
			"to": [ 4.25, 3.25, 6.5 ],
			"faces": {
				"down": { "uv": [ 9.6875, 14.9375, 10.875, 15 ], "texture": "#texture" },
				"up": { "uv": [ 13.375, 14.9375, 14.5625, 14.875 ], "texture": "#texture" },
				"north": { "uv": [ 5.25, 10.625, 4.0625, 11.25 ], "texture": "#texture" },
				"south": { "uv": [ 4.0625, 10, 5.25, 10.625 ], "texture": "#texture" },
				"west": { "uv": [ 8.625, 8.125, 8.6875, 8.75 ], "texture": "#texture" },
				"east": { "uv": [ 4.0625, 8.125, 4, 8.75 ], "texture": "#texture" }
			}
		},
		{
			"__comment": "Voxels",
			"from": [ -0.5, 0.75, 8.5 ],
			"to": [ 4.25, 3.25, 8.75 ],
			"faces": {
				"down": { "uv": [ 10.9375, 14.9375, 12.125, 15 ], "texture": "#texture" },
				"up": { "uv": [ 9.8125, 14.9375, 11, 14.875 ], "texture": "#texture" },
				"north": { "uv": [ 5.25, 9.375, 4.0625, 10 ], "texture": "#texture" },
				"south": { "uv": [ 4.0625, 8.75, 5.25, 9.375 ], "texture": "#texture" },
				"west": { "uv": [ 4, 8.875, 4.0625, 9.5 ], "texture": "#texture" },
				"east": { "uv": [ 1.875, 9.1875, 1.8125, 9.8125 ], "texture": "#texture" }
			}
		},
		{
			"__comment": "Voxels",
			"from": [ -0.5, 1, 6 ],
			"to": [ 4.25, 3, 6.25 ],
			"faces": {
				"down": { "uv": [ 13.3125, 14.9375, 14.5, 15 ], "texture": "#texture" },
				"up": { "uv": [ 13.3125, 15.0625, 14.5, 15 ], "texture": "#texture" },
				"north": { "uv": [ 6.4375, 15, 5.25, 15.5 ], "texture": "#texture" },
				"south": { "uv": [ 5.25, 14.5, 6.4375, 15 ], "texture": "#texture" },
				"west": { "uv": [ 6.3125, 13, 6.375, 13.5 ], "texture": "#texture" },
				"east": { "uv": [ 6.375, 11.5, 6.3125, 12 ], "texture": "#texture" }
			}
		},
		{
			"__comment": "Voxels",
			"from": [ -0.5, 1, 8.75 ],
			"to": [ 4.25, 3, 9 ],
			"faces": {
				"down": { "uv": [ 12.125, 14.9375, 13.3125, 15 ], "texture": "#texture" },
				"up": { "uv": [ 12.125, 15.0625, 13.3125, 15 ], "texture": "#texture" },
				"north": { "uv": [ 5.25, 8.25, 4.0625, 8.75 ], "texture": "#texture" },
				"south": { "uv": [ 5.25, 15.5, 6.4375, 16 ], "texture": "#texture" },
				"west": { "uv": [ 6.375, 12, 6.4375, 12.5 ], "texture": "#texture" },
				"east": { "uv": [ 6.375, 12, 6.3125, 12.5 ], "texture": "#texture" }
			}
		},
		{
			"__comment": "Voxels",
			"from": [ -0.5, 1.75, 5.75 ],
			"to": [ 4.25, 2.25, 6 ],
			"faces": {
				"down": { "uv": [ 8.625, 14.875, 9.8125, 14.9375 ], "texture": "#texture" },
				"up": { "uv": [ 10.9375, 15.0625, 12.125, 15 ], "texture": "#texture" },
				"north": { "uv": [ 14.5625, 15.0625, 13.375, 15.1875 ], "texture": "#texture" },
				"south": { "uv": [ 14.5625, 15.0625, 15.75, 15.1875 ], "texture": "#texture" },
				"west": { "uv": [ 4, 8, 4.0625, 8.125 ], "texture": "#texture" },
				"east": { "uv": [ 4.0625, 8.75, 4, 8.875 ], "texture": "#texture" }
			}
		},
		{
			"__comment": "Voxels",
			"from": [ -0.5, 1.75, 9 ],
			"to": [ 4.25, 2.25, 9.25 ],
			"faces": {
				"down": { "uv": [ 12.1875, 14.875, 13.375, 14.9375 ], "texture": "#texture" },
				"up": { "uv": [ 11, 14.9375, 12.1875, 14.875 ], "texture": "#texture" },
				"north": { "uv": [ 12.1875, 15.0625, 11, 15.1875 ], "texture": "#texture" },
				"south": { "uv": [ 12.1875, 15.0625, 13.375, 15.1875 ], "texture": "#texture" },
				"west": { "uv": [ 1.125, 8, 1.1875, 8.125 ], "texture": "#texture" },
				"east": { "uv": [ 1.125, 8, 1.0625, 8.125 ], "texture": "#texture" }
			}
		},
		{
			"__comment": "Voxels",
			"from": [ -0.25, 0.25, 6.5 ],
			"to": [ 4.25, 0.5, 7.25 ],
			"faces": {
				"down": { "uv": [ 7.5, 14.4375, 8.625, 14.625 ], "texture": "#texture" },
				"up": { "uv": [ 7.5, 14.8125, 8.625, 14.625 ], "texture": "#texture" },
				"north": { "uv": [ 10.875, 14.5625, 9.75, 14.625 ], "texture": "#texture" },
				"south": { "uv": [ 10.875, 14.5625, 12, 14.625 ], "texture": "#texture" },
				"west": { "uv": [ 1.6875, 8, 1.875, 8.0625 ], "texture": "#texture" },
				"east": { "uv": [ 1.875, 8.0625, 1.6875, 8.125 ], "texture": "#texture" }
			}
		},
		{
			"__comment": "Voxels",
			"from": [ -0.25, 0.25, 7.75 ],
			"to": [ 4.25, 0.5, 8.5 ],
			"faces": {
				"down": { "uv": [ 7.5, 12.9375, 8.625, 13.125 ], "texture": "#texture" },
				"up": { "uv": [ 7.5, 13.875, 8.625, 13.6875 ], "texture": "#texture" },
				"north": { "uv": [ 14.25, 14.5625, 13.125, 14.625 ], "texture": "#texture" },
				"south": { "uv": [ 9.75, 14.5, 10.875, 14.5625 ], "texture": "#texture" },
				"west": { "uv": [ 1.6875, 8.125, 1.875, 8.1875 ], "texture": "#texture" },
				"east": { "uv": [ 15.5625, 15.5, 15.375, 15.5625 ], "texture": "#texture" }
			}
		},
		{
			"__comment": "Voxels",
			"from": [ -0.25, 0.5, 0.5 ],
			"to": [ 4.25, 1, 1.5 ],
			"faces": {
				"down": { "uv": [ 12, 15.4375, 13.125, 15.6875 ], "texture": "#texture" },
				"up": { "uv": [ 13.125, 15.6875, 14.25, 15.4375 ], "texture": "#texture" },
				"north": { "uv": [ 8.625, 11.6875, 7.5, 11.8125 ], "texture": "#texture" },
				"south": { "uv": [ 7.5, 11.1875, 8.625, 11.3125 ], "texture": "#texture" },
				"west": { "uv": [ 15.625, 15.8125, 15.875, 15.9375 ], "texture": "#texture" },
				"east": { "uv": [ 0.25, 8, 0, 8.125 ], "texture": "#texture" }
			}
		},
		{
			"__comment": "Voxels",
			"from": [ -0.25, 0.5, 1.75 ],
			"to": [ 4.25, 1, 2.75 ],
			"faces": {
				"down": { "uv": [ 9.75, 15.75, 10.875, 16 ], "texture": "#texture" },
				"up": { "uv": [ 10.875, 16, 12, 15.75 ], "texture": "#texture" },
				"north": { "uv": [ 8.625, 9.3125, 7.5, 9.4375 ], "texture": "#texture" },
				"south": { "uv": [ 7.5, 10.9375, 8.625, 11.0625 ], "texture": "#texture" },
				"west": { "uv": [ 0.25, 8, 0.5, 8.125 ], "texture": "#texture" },
				"east": { "uv": [ 15.625, 15.6875, 15.375, 15.8125 ], "texture": "#texture" }
			}
		},
		{
			"__comment": "Voxels",
			"from": [ -0.25, 0.5, 3 ],
			"to": [ 4.25, 1, 4 ],
			"faces": {
				"down": { "uv": [ 9.75, 15.4375, 10.875, 15.6875 ], "texture": "#texture" },
				"up": { "uv": [ 10.875, 15.6875, 12, 15.4375 ], "texture": "#texture" },
				"north": { "uv": [ 8.625, 9.5625, 7.5, 9.6875 ], "texture": "#texture" },
				"south": { "uv": [ 7.5, 10.1875, 8.625, 10.3125 ], "texture": "#texture" },
				"west": { "uv": [ 15.375, 15.8125, 15.625, 15.9375 ], "texture": "#texture" },
				"east": { "uv": [ 0.9375, 8, 0.6875, 8.125 ], "texture": "#texture" }
			}
		},
		{
			"__comment": "Voxels",
			"from": [ -0.25, 0.5, 4.25 ],
			"to": [ 4.25, 1, 5.25 ],
			"faces": {
				"down": { "uv": [ 14.25, 15.75, 15.375, 16 ], "texture": "#texture" },
				"up": { "uv": [ 7.5, 15.4375, 8.625, 15.1875 ], "texture": "#texture" },
				"north": { "uv": [ 8.625, 10.4375, 7.5, 10.5625 ], "texture": "#texture" },
				"south": { "uv": [ 7.5, 11.3125, 8.625, 11.4375 ], "texture": "#texture" },
				"west": { "uv": [ 1.4375, 8.1875, 1.6875, 8.3125 ], "texture": "#texture" },
				"east": { "uv": [ 1.6875, 8.0625, 1.4375, 8.1875 ], "texture": "#texture" }
			}
		},
		{
			"__comment": "Voxels",
			"from": [ -0.25, 0.5, 6.25 ],
			"to": [ 4.25, 0.75, 6.5 ],
			"faces": {
				"down": { "uv": [ 10.875, 14.25, 12, 14.3125 ], "texture": "#texture" },
				"up": { "uv": [ 9.75, 14.3125, 10.875, 14.25 ], "texture": "#texture" },
				"north": { "uv": [ 9.75, 14.25, 8.625, 14.3125 ], "texture": "#texture" },
				"south": { "uv": [ 14.25, 14.3125, 15.375, 14.375 ], "texture": "#texture" },
				"west": { "uv": [ 15.9375, 14.8125, 16, 14.875 ], "texture": "#texture" },
				"east": { "uv": [ 16, 15.1875, 15.9375, 15.25 ], "texture": "#texture" }
			}
		},
		{
			"__comment": "Voxels",
			"from": [ -0.25, 0.5, 8.5 ],
			"to": [ 4.25, 0.75, 8.75 ],
			"faces": {
				"down": { "uv": [ 13.125, 14.3125, 14.25, 14.375 ], "texture": "#texture" },
				"up": { "uv": [ 12, 14.375, 13.125, 14.3125 ], "texture": "#texture" },
				"north": { "uv": [ 12, 14.3125, 10.875, 14.375 ], "texture": "#texture" },
				"south": { "uv": [ 9.75, 14.3125, 10.875, 14.375 ], "texture": "#texture" },
				"west": { "uv": [ 15.875, 15.1875, 15.9375, 15.25 ], "texture": "#texture" },
				"east": { "uv": [ 16, 15.625, 15.9375, 15.6875 ], "texture": "#texture" }
			}
		},
		{
			"__comment": "Voxels",
			"from": [ -0.25, 0.75, 6 ],
			"to": [ 4.25, 1, 6.25 ],
			"faces": {
				"down": { "uv": [ 14.25, 14.375, 15.375, 14.4375 ], "texture": "#texture" },
				"up": { "uv": [ 10.875, 14.4375, 12, 14.375 ], "texture": "#texture" },
				"north": { "uv": [ 10.875, 14.375, 9.75, 14.4375 ], "texture": "#texture" },
				"south": { "uv": [ 10.875, 14.4375, 12, 14.5 ], "texture": "#texture" },
				"west": { "uv": [ 15.875, 15.625, 15.9375, 15.6875 ], "texture": "#texture" },
				"east": { "uv": [ 15.9375, 15.9375, 15.875, 16 ], "texture": "#texture" }
			}
		},
		{
			"__comment": "Voxels",
			"from": [ -0.25, 0.75, 8.75 ],
			"to": [ 4.25, 1, 9 ],
			"faces": {
				"down": { "uv": [ 8.625, 14.4375, 9.75, 14.5 ], "texture": "#texture" },
				"up": { "uv": [ 14.25, 14.5625, 15.375, 14.5 ], "texture": "#texture" },
				"north": { "uv": [ 14.25, 14.5, 13.125, 14.5625 ], "texture": "#texture" },
				"south": { "uv": [ 10.875, 14.5, 12, 14.5625 ], "texture": "#texture" },
				"west": { "uv": [ 15.5625, 15.4375, 15.625, 15.5 ], "texture": "#texture" },
				"east": { "uv": [ 15.625, 15.5, 15.5625, 15.5625 ], "texture": "#texture" }
			}
		},
		{
			"__comment": "Voxels",
			"from": [ -0.25, 1, 5.75 ],
			"to": [ 4.25, 1.75, 6 ],
			"faces": {
				"down": { "uv": [ 8.625, 14.5, 9.75, 14.5625 ], "texture": "#texture" },
				"up": { "uv": [ 14.25, 14.625, 15.375, 14.5625 ], "texture": "#texture" },
				"north": { "uv": [ 8.625, 11.8125, 7.5, 12 ], "texture": "#texture" },
				"south": { "uv": [ 7.5, 12.5625, 8.625, 12.75 ], "texture": "#texture" },
				"west": { "uv": [ 0.4375, 8.125, 0.5, 8.3125 ], "texture": "#texture" },
				"east": { "uv": [ 0.25, 8.125, 0.1875, 8.3125 ], "texture": "#texture" }
			}
		},
		{
			"__comment": "Voxels",
			"from": [ -0.25, 1, 9 ],
			"to": [ 4.25, 1.75, 9.25 ],
			"faces": {
				"down": { "uv": [ 12, 14.5625, 13.125, 14.625 ], "texture": "#texture" },
				"up": { "uv": [ 13.125, 14.5, 14.25, 14.4375 ], "texture": "#texture" },
				"north": { "uv": [ 8.625, 15, 7.5, 15.1875 ], "texture": "#texture" },
				"south": { "uv": [ 7.5, 14.8125, 8.625, 15 ], "texture": "#texture" },
				"west": { "uv": [ 6.3125, 8.1875, 6.375, 8.375 ], "texture": "#texture" },
				"east": { "uv": [ 1.4375, 8, 1.375, 8.1875 ], "texture": "#texture" }
			}
		},
		{
			"__comment": "Voxels",
			"from": [ -0.25, 1.25, 0.75 ],
			"to": [ 4.25, 2.25, 1.25 ],
			"faces": {
				"down": { "uv": [ 7.5, 10.8125, 8.625, 10.9375 ], "texture": "#texture" },
				"up": { "uv": [ 7.5, 11.1875, 8.625, 11.0625 ], "texture": "#texture" },
				"north": { "uv": [ 13.125, 15.75, 12, 16 ], "texture": "#texture" },
				"south": { "uv": [ 13.125, 15.75, 14.25, 16 ], "texture": "#texture" },
				"west": { "uv": [ 6.3125, 10, 6.4375, 10.25 ], "texture": "#texture" },
				"east": { "uv": [ 6.4375, 10.25, 6.3125, 10.5 ], "texture": "#texture" }
			}
		},
		{
			"__comment": "Voxels",
			"from": [ -0.25, 1.25, 3.25 ],
			"to": [ 4.25, 2.25, 3.75 ],
			"faces": {
				"down": { "uv": [ 7.5, 11.4375, 8.625, 11.5625 ], "texture": "#texture" },
				"up": { "uv": [ 7.5, 11.6875, 8.625, 11.5625 ], "texture": "#texture" },
				"north": { "uv": [ 15.375, 15.4375, 14.25, 15.6875 ], "texture": "#texture" },
				"south": { "uv": [ 4.0625, 8, 5.1875, 8.25 ], "texture": "#texture" },
				"west": { "uv": [ 6.3125, 10.5, 6.4375, 10.75 ], "texture": "#texture" },
				"east": { "uv": [ 6.4375, 10.75, 6.3125, 11 ], "texture": "#texture" }
			}
		},
		{
			"__comment": "Voxels",
			"from": [ -0.25, 1.5, 0.5 ],
			"to": [ 4.25, 2, 0.75 ],
			"faces": {
				"down": { "uv": [ 8.625, 14.5625, 9.75, 14.625 ], "texture": "#texture" },
				"up": { "uv": [ 14.25, 14.6875, 15.375, 14.625 ], "texture": "#texture" },
				"north": { "uv": [ 8.625, 9.6875, 7.5, 9.8125 ], "texture": "#texture" },
				"south": { "uv": [ 7.5, 10.6875, 8.625, 10.8125 ], "texture": "#texture" },
				"west": { "uv": [ 8.5625, 8.5625, 8.625, 8.6875 ], "texture": "#texture" },
				"east": { "uv": [ 8.625, 8.9375, 8.5625, 9.0625 ], "texture": "#texture" }
			}
		},
		{
			"__comment": "Voxels",
			"from": [ -0.25, 1.5, 1.25 ],
			"to": [ 4.25, 2, 1.5 ],
			"faces": {
				"down": { "uv": [ 13.125, 14.625, 14.25, 14.6875 ], "texture": "#texture" },
				"up": { "uv": [ 12, 14.6875, 13.125, 14.625 ], "texture": "#texture" },
				"north": { "uv": [ 8.625, 10.3125, 7.5, 10.4375 ], "texture": "#texture" },
				"south": { "uv": [ 7.5, 9.9375, 8.625, 10.0625 ], "texture": "#texture" },
				"west": { "uv": [ 8.5625, 8.1875, 8.625, 8.3125 ], "texture": "#texture" },
				"east": { "uv": [ 8.625, 9.0625, 8.5625, 9.1875 ], "texture": "#texture" }
			}
		},
		{
			"__comment": "Voxels",
			"from": [ -0.25, 1.5, 3 ],
			"to": [ 4.25, 2, 3.25 ],
			"faces": {
				"down": { "uv": [ 13.125, 14.6875, 14.25, 14.75 ], "texture": "#texture" },
				"up": { "uv": [ 12, 14.75, 13.125, 14.6875 ], "texture": "#texture" },
				"north": { "uv": [ 8.625, 10.0625, 7.5, 10.1875 ], "texture": "#texture" },
				"south": { "uv": [ 7.5, 10.5625, 8.625, 10.6875 ], "texture": "#texture" },
				"west": { "uv": [ 8.5625, 9.1875, 8.625, 9.3125 ], "texture": "#texture" },
				"east": { "uv": [ 16, 15.8125, 15.9375, 15.9375 ], "texture": "#texture" }
			}
		},
		{
			"__comment": "Voxels",
			"from": [ -0.25, 1.5, 3.75 ],
			"to": [ 4.25, 2, 4 ],
			"faces": {
				"down": { "uv": [ 10.875, 15.6875, 12, 15.75 ], "texture": "#texture" },
				"up": { "uv": [ 13.125, 14.4375, 14.25, 14.375 ], "texture": "#texture" },
				"north": { "uv": [ 8.625, 9.8125, 7.5, 9.9375 ], "texture": "#texture" },
				"south": { "uv": [ 7.5, 9.4375, 8.625, 9.5625 ], "texture": "#texture" },
				"west": { "uv": [ 15.875, 15.8125, 15.9375, 15.9375 ], "texture": "#texture" },
				"east": { "uv": [ 6.4375, 8, 6.375, 8.125 ], "texture": "#texture" }
			}
		},
		{
			"__comment": "Voxels",
			"from": [ -0.25, 2.25, 5.75 ],
			"to": [ 4.25, 3, 6 ],
			"faces": {
				"down": { "uv": [ 12, 14.375, 13.125, 14.4375 ], "texture": "#texture" },
				"up": { "uv": [ 12, 14.5, 13.125, 14.4375 ], "texture": "#texture" },
				"north": { "uv": [ 8.625, 13.125, 7.5, 13.3125 ], "texture": "#texture" },
				"south": { "uv": [ 7.5, 13.3125, 8.625, 13.5 ], "texture": "#texture" },
				"west": { "uv": [ 1.25, 8, 1.3125, 8.1875 ], "texture": "#texture" },
				"east": { "uv": [ 1.8125, 8.3125, 1.75, 8.5 ], "texture": "#texture" }
			}
		},
		{
			"__comment": "Voxels",
			"from": [ -0.25, 2.25, 9 ],
			"to": [ 4.25, 3, 9.25 ],
			"faces": {
				"down": { "uv": [ 9.75, 14.4375, 10.875, 14.5 ], "texture": "#texture" },
				"up": { "uv": [ 12, 14.5625, 13.125, 14.5 ], "texture": "#texture" },
				"north": { "uv": [ 8.625, 13.5, 7.5, 13.6875 ], "texture": "#texture" },
				"south": { "uv": [ 7.5, 14.25, 8.625, 14.4375 ], "texture": "#texture" },
				"west": { "uv": [ 1.8125, 8.5, 1.875, 8.6875 ], "texture": "#texture" },
				"east": { "uv": [ 1.8125, 8.5, 1.75, 8.6875 ], "texture": "#texture" }
			}
		},
		{
			"__comment": "Voxels",
			"from": [ -0.25, 2.5, 0.5 ],
			"to": [ 4.25, 3.75, 0.75 ],
			"faces": {
				"down": { "uv": [ 14.25, 14.4375, 15.375, 14.5 ], "texture": "#texture" },
				"up": { "uv": [ 8.625, 14.4375, 9.75, 14.375 ], "texture": "#texture" },
				"north": { "uv": [ 9.75, 15.6875, 8.625, 16 ], "texture": "#texture" },
				"south": { "uv": [ 7.5, 15.6875, 8.625, 16 ], "texture": "#texture" },
				"west": { "uv": [ 6.3125, 9.1875, 6.375, 9.5 ], "texture": "#texture" },
				"east": { "uv": [ 6.4375, 9.6875, 6.375, 10 ], "texture": "#texture" }
			}
		},
		{
			"__comment": "Voxels",
			"from": [ -0.25, 2.5, 0.75 ],
			"to": [ 4.25, 2.75, 5.5 ],
			"faces": {
				"down": { "uv": [ 2.9375, 13.625, 4.0625, 14.8125 ], "texture": "#texture" },
				"up": { "uv": [ 2.9375, 16, 4.0625, 14.8125 ], "texture": "#texture" },
				"north": { "uv": [ 9.75, 14.3125, 8.625, 14.375 ], "texture": "#texture" },
				"south": { "uv": [ 12, 14.25, 13.125, 14.3125 ], "texture": "#texture" },
				"west": { "uv": [ 14.5, 15, 15.6875, 15.0625 ], "texture": "#texture" },
				"east": { "uv": [ 15.6875, 14.9375, 14.5, 15 ], "texture": "#texture" }
			}
		},
		{
			"__comment": "Voxels",
			"from": [ -0.25, 2.75, 5.25 ],
			"to": [ 4.25, 3.75, 5.5 ],
			"faces": {
				"down": { "uv": [ 13.125, 14.25, 14.25, 14.3125 ], "texture": "#texture" },
				"up": { "uv": [ 9.75, 15.75, 10.875, 15.6875 ], "texture": "#texture" },
				"north": { "uv": [ 9.75, 15.4375, 8.625, 15.6875 ], "texture": "#texture" },
				"south": { "uv": [ 7.5, 15.4375, 8.625, 15.6875 ], "texture": "#texture" },
				"west": { "uv": [ 6.375, 8.875, 6.4375, 9.125 ], "texture": "#texture" },
				"east": { "uv": [ 6.4375, 8.5, 6.375, 8.75 ], "texture": "#texture" }
			}
		},
		{
			"__comment": "Voxels",
			"from": [ -0.25, 3, 6 ],
			"to": [ 4.25, 3.25, 6.25 ],
			"faces": {
				"down": { "uv": [ 12, 15.6875, 13.125, 15.75 ], "texture": "#texture" },
				"up": { "uv": [ 13.125, 15.75, 14.25, 15.6875 ], "texture": "#texture" },
				"north": { "uv": [ 15.375, 15.6875, 14.25, 15.75 ], "texture": "#texture" },
				"south": { "uv": [ 7.5, 8, 8.625, 8.0625 ], "texture": "#texture" },
				"west": { "uv": [ 15.9375, 15.125, 16, 15.1875 ], "texture": "#texture" },
				"east": { "uv": [ 15.625, 14.75, 15.5625, 14.8125 ], "texture": "#texture" }
			}
		},
		{
			"__comment": "Voxels",
			"from": [ -0.25, 3, 8.75 ],
			"to": [ 4.25, 3.25, 9 ],
			"faces": {
				"down": { "uv": [ 14.5625, 14.875, 15.6875, 14.9375 ], "texture": "#texture" },
				"up": { "uv": [ 8.625, 14.875, 9.75, 14.8125 ], "texture": "#texture" },
				"north": { "uv": [ 10.875, 14.8125, 9.75, 14.875 ], "texture": "#texture" },
				"south": { "uv": [ 10.875, 14.8125, 12, 14.875 ], "texture": "#texture" },
				"west": { "uv": [ 15.625, 14.75, 15.6875, 14.8125 ], "texture": "#texture" },
				"east": { "uv": [ 15.75, 14.75, 15.6875, 14.8125 ], "texture": "#texture" }
			}
		},
		{
			"__comment": "Voxels",
			"from": [ -0.25, 3.25, 6.25 ],
			"to": [ 4.25, 3.5, 6.5 ],
			"faces": {
				"down": { "uv": [ 12, 14.8125, 13.125, 14.875 ], "texture": "#texture" },
				"up": { "uv": [ 13.125, 14.875, 14.25, 14.8125 ], "texture": "#texture" },
				"north": { "uv": [ 15.375, 14.8125, 14.25, 14.875 ], "texture": "#texture" },
				"south": { "uv": [ 8.625, 14.75, 9.75, 14.8125 ], "texture": "#texture" },
				"west": { "uv": [ 6.375, 9.625, 6.4375, 9.6875 ], "texture": "#texture" },
				"east": { "uv": [ 6.4375, 9.1875, 6.375, 9.25 ], "texture": "#texture" }
			}
		},
		{
			"__comment": "Voxels",
			"from": [ -0.25, 3.25, 8.5 ],
			"to": [ 4.25, 3.5, 8.75 ],
			"faces": {
				"down": { "uv": [ 9.75, 14.75, 10.875, 14.8125 ], "texture": "#texture" },
				"up": { "uv": [ 10.875, 14.8125, 12, 14.75 ], "texture": "#texture" },
				"north": { "uv": [ 13.125, 14.75, 12, 14.8125 ], "texture": "#texture" },
				"south": { "uv": [ 13.125, 14.75, 14.25, 14.8125 ], "texture": "#texture" },
				"west": { "uv": [ 6.375, 8.1875, 6.4375, 8.25 ], "texture": "#texture" },
				"east": { "uv": [ 16, 15.9375, 15.9375, 16 ], "texture": "#texture" }
			}
		},
		{
			"__comment": "Voxels",
			"from": [ -0.25, 3.5, 0.75 ],
			"to": [ 4.25, 3.75, 5.25 ],
			"faces": {
				"down": { "uv": [ 2.9375, 11.375, 4.0625, 12.5 ], "texture": "#texture" },
				"up": { "uv": [ 2.9375, 13.625, 4.0625, 12.5 ], "texture": "#texture" },
				"north": { "uv": [ 15.375, 14.75, 14.25, 14.8125 ], "texture": "#texture" },
				"south": { "uv": [ 8.625, 14.6875, 9.75, 14.75 ], "texture": "#texture" },
				"west": { "uv": [ 9.75, 14.6875, 10.875, 14.75 ], "texture": "#texture" },
				"east": { "uv": [ 12, 14.6875, 10.875, 14.75 ], "texture": "#texture" }
			}
		},
		{
			"__comment": "Voxels",
			"from": [ -0.25, 3.5, 6.5 ],
			"to": [ 4.25, 3.75, 7.25 ],
			"faces": {
				"down": { "uv": [ 7.5, 12.75, 8.625, 12.9375 ], "texture": "#texture" },
				"up": { "uv": [ 7.5, 12.5625, 8.625, 12.375 ], "texture": "#texture" },
				"north": { "uv": [ 15.375, 14.6875, 14.25, 14.75 ], "texture": "#texture" },
				"south": { "uv": [ 8.625, 14.625, 9.75, 14.6875 ], "texture": "#texture" },
				"west": { "uv": [ 15.6875, 15.1875, 15.875, 15.25 ], "texture": "#texture" },
				"east": { "uv": [ 15.6875, 15.1875, 15.5, 15.25 ], "texture": "#texture" }
			}
		},
		{
			"__comment": "Voxels",
			"from": [ -0.25, 3.5, 7.75 ],
			"to": [ 4.25, 3.75, 8.5 ],
			"faces": {
				"down": { "uv": [ 7.5, 14.0625, 8.625, 14.25 ], "texture": "#texture" },
				"up": { "uv": [ 7.5, 14.0625, 8.625, 13.875 ], "texture": "#texture" },
				"north": { "uv": [ 10.875, 14.625, 9.75, 14.6875 ], "texture": "#texture" },
				"south": { "uv": [ 10.875, 14.625, 12, 14.6875 ], "texture": "#texture" },
				"west": { "uv": [ 15.8125, 15.4375, 16, 15.5 ], "texture": "#texture" },
				"east": { "uv": [ 15.5625, 15.4375, 15.375, 15.5 ], "texture": "#texture" }
			}
		},
		{
			"__comment": "Voxels",
			"from": [ 0, 0.25, 0 ],
			"to": [ 4.25, 4, 0.5 ],
			"faces": {
				"down": { "uv": [ 7.5, 8.5625, 8.5625, 8.6875 ], "texture": "#texture" },
				"up": { "uv": [ 7.5, 9.3125, 8.5625, 9.1875 ], "texture": "#texture" },
				"north": { "uv": [ 4, 10.4375, 2.9375, 11.375 ], "texture": "#texture" },
				"south": { "uv": [ 2.9375, 9.5, 4, 10.4375 ], "texture": "#texture" },
				"west": { "uv": [ 1.0625, 8.125, 1.1875, 9.0625 ], "texture": "#texture" },
				"east": { "uv": [ 1.0625, 8.125, 0.9375, 9.0625 ], "texture": "#texture" }
			}
		},
		{
			"__comment": "Voxels",
			"from": [ 0, 0.25, 0.5 ],
			"to": [ 4.25, 0.5, 6.5 ],
			"faces": {
				"down": { "uv": [ 1.875, 14.5, 2.9375, 16 ], "texture": "#texture" },
				"up": { "uv": [ 1.875, 14.5, 2.9375, 13 ], "texture": "#texture" },
				"north": { "uv": [ 9.6875, 13, 8.625, 13.0625 ], "texture": "#texture" },
				"south": { "uv": [ 8.625, 12.75, 9.6875, 12.8125 ], "texture": "#texture" },
				"west": { "uv": [ 12.5625, 15.1875, 14.0625, 15.25 ], "texture": "#texture" },
				"east": { "uv": [ 12.5625, 15.1875, 11.0625, 15.25 ], "texture": "#texture" }
			}
		},
		{
			"__comment": "Voxels",
			"from": [ 0, 0.25, 8.5 ],
			"to": [ 4.25, 0.5, 9.75 ],
			"faces": {
				"down": { "uv": [ 6.4375, 14.625, 7.5, 14.9375 ], "texture": "#texture" },
				"up": { "uv": [ 6.4375, 15.25, 7.5, 14.9375 ], "texture": "#texture" },
				"north": { "uv": [ 9.6875, 12, 8.625, 12.0625 ], "texture": "#texture" },
				"south": { "uv": [ 8.625, 11.9375, 9.6875, 12 ], "texture": "#texture" },
				"west": { "uv": [ 15.625, 15.6875, 15.9375, 15.75 ], "texture": "#texture" },
				"east": { "uv": [ 15.9375, 15.75, 15.625, 15.8125 ], "texture": "#texture" }
			}
		},
		{
			"__comment": "Voxels",
			"from": [ 0, 0.5, 1.5 ],
			"to": [ 4.25, 2.5, 1.75 ],
			"faces": {
				"down": { "uv": [ 8.625, 11.5, 9.6875, 11.5625 ], "texture": "#texture" },
				"up": { "uv": [ 8.625, 12.3125, 9.6875, 12.25 ], "texture": "#texture" },
				"north": { "uv": [ 6.3125, 11, 5.25, 11.5 ], "texture": "#texture" },
				"south": { "uv": [ 5.25, 12, 6.3125, 12.5 ], "texture": "#texture" },
				"west": { "uv": [ 6.375, 12.5, 6.4375, 13 ], "texture": "#texture" },
				"east": { "uv": [ 6.4375, 11, 6.375, 11.5 ], "texture": "#texture" }
			}
		},
		{
			"__comment": "Voxels",
			"from": [ 0, 0.5, 2.75 ],
			"to": [ 4.25, 2.5, 3 ],
			"faces": {
				"down": { "uv": [ 8.625, 11, 9.6875, 11.0625 ], "texture": "#texture" },
				"up": { "uv": [ 8.625, 11, 9.6875, 10.9375 ], "texture": "#texture" },
				"north": { "uv": [ 6.3125, 13.5, 5.25, 14 ], "texture": "#texture" },
				"south": { "uv": [ 5.25, 12.5, 6.3125, 13 ], "texture": "#texture" },
				"west": { "uv": [ 6.375, 13, 6.4375, 13.5 ], "texture": "#texture" },
				"east": { "uv": [ 6.375, 12.5, 6.3125, 13 ], "texture": "#texture" }
			}
		},
		{
			"__comment": "Voxels",
			"from": [ 0, 0.5, 4 ],
			"to": [ 4.25, 2.5, 4.25 ],
			"faces": {
				"down": { "uv": [ 8.625, 11.0625, 9.6875, 11.125 ], "texture": "#texture" },
				"up": { "uv": [ 8.625, 11.1875, 9.6875, 11.125 ], "texture": "#texture" },
				"north": { "uv": [ 6.3125, 10, 5.25, 10.5 ], "texture": "#texture" },
				"south": { "uv": [ 5.25, 9.5, 6.3125, 10 ], "texture": "#texture" },
				"west": { "uv": [ 6.375, 11.5, 6.4375, 12 ], "texture": "#texture" },
				"east": { "uv": [ 6.375, 11, 6.3125, 11.5 ], "texture": "#texture" }
			}
		},
		{
			"__comment": "Voxels",
			"from": [ 0, 0.5, 5.25 ],
			"to": [ 4.25, 2.5, 5.75 ],
			"faces": {
				"down": { "uv": [ 7.5, 8.4375, 8.5625, 8.5625 ], "texture": "#texture" },
				"up": { "uv": [ 7.5, 9.0625, 8.5625, 8.9375 ], "texture": "#texture" },
				"north": { "uv": [ 6.3125, 14, 5.25, 14.5 ], "texture": "#texture" },
				"south": { "uv": [ 5.25, 13, 6.3125, 13.5 ], "texture": "#texture" },
				"west": { "uv": [ 6.3125, 14, 6.4375, 14.5 ], "texture": "#texture" },
				"east": { "uv": [ 6.4375, 13.5, 6.3125, 14 ], "texture": "#texture" }
			}
		},
		{
			"__comment": "Voxels",
			"from": [ 0, 0.5, 5.75 ],
			"to": [ 4.25, 1, 6 ],
			"faces": {
				"down": { "uv": [ 8.625, 11.75, 9.6875, 11.8125 ], "texture": "#texture" },
				"up": { "uv": [ 8.625, 13.3125, 9.6875, 13.25 ], "texture": "#texture" },
				"north": { "uv": [ 8.5625, 8.6875, 7.5, 8.8125 ], "texture": "#texture" },
				"south": { "uv": [ 6.4375, 8, 7.5, 8.125 ], "texture": "#texture" },
				"west": { "uv": [ 6.375, 8.75, 6.4375, 8.875 ], "texture": "#texture" },
				"east": { "uv": [ 6.4375, 8.25, 6.375, 8.375 ], "texture": "#texture" }
			}
		},
		{
			"__comment": "Voxels",
			"from": [ 0, 0.5, 6 ],
			"to": [ 4.25, 0.75, 6.25 ],
			"faces": {
				"down": { "uv": [ 8.625, 13.1875, 9.6875, 13.25 ], "texture": "#texture" },
				"up": { "uv": [ 8.625, 13.125, 9.6875, 13.0625 ], "texture": "#texture" },
				"north": { "uv": [ 9.6875, 12.6875, 8.625, 12.75 ], "texture": "#texture" },
				"south": { "uv": [ 8.625, 12.4375, 9.6875, 12.5 ], "texture": "#texture" },
				"west": { "uv": [ 10.875, 14.9375, 10.9375, 15 ], "texture": "#texture" },
				"east": { "uv": [ 16, 15.0625, 15.9375, 15.125 ], "texture": "#texture" }
			}
		},
		{
			"__comment": "Voxels",
			"from": [ 0, 0.5, 8.75 ],
			"to": [ 4.25, 0.75, 9.75 ],
			"faces": {
				"down": { "uv": [ 1.875, 8, 2.9375, 8.25 ], "texture": "#texture" },
				"up": { "uv": [ 6.4375, 14.625, 7.5, 14.375 ], "texture": "#texture" },
				"north": { "uv": [ 9.6875, 11.375, 8.625, 11.4375 ], "texture": "#texture" },
				"south": { "uv": [ 8.625, 10.75, 9.6875, 10.8125 ], "texture": "#texture" },
				"west": { "uv": [ 15.375, 15.5625, 15.625, 15.625 ], "texture": "#texture" },
				"east": { "uv": [ 1.6875, 8, 1.4375, 8.0625 ], "texture": "#texture" }
			}
		},
		{
			"__comment": "Voxels",
			"from": [ 0, 0.75, 9 ],
			"to": [ 4.25, 1, 9.75 ],
			"faces": {
				"down": { "uv": [ 6.4375, 11.4375, 7.5, 11.625 ], "texture": "#texture" },
				"up": { "uv": [ 6.4375, 11.25, 7.5, 11.0625 ], "texture": "#texture" },
				"north": { "uv": [ 9.6875, 11.4375, 8.625, 11.5 ], "texture": "#texture" },
				"south": { "uv": [ 8.625, 12.5, 9.6875, 12.5625 ], "texture": "#texture" },
				"west": { "uv": [ 1.6875, 8.25, 1.875, 8.3125 ], "texture": "#texture" },
				"east": { "uv": [ 1.875, 8.1875, 1.6875, 8.25 ], "texture": "#texture" }
			}
		},
		{
			"__comment": "Voxels",
			"from": [ 0, 1, 0.5 ],
			"to": [ 4.25, 1.5, 0.75 ],
			"faces": {
				"down": { "uv": [ 8.625, 13.125, 9.6875, 13.1875 ], "texture": "#texture" },
				"up": { "uv": [ 8.625, 13.4375, 9.6875, 13.375 ], "texture": "#texture" },
				"north": { "uv": [ 8.5625, 8.8125, 7.5, 8.9375 ], "texture": "#texture" },
				"south": { "uv": [ 7.5, 9.0625, 8.5625, 9.1875 ], "texture": "#texture" },
				"west": { "uv": [ 8.5625, 8.8125, 8.625, 8.9375 ], "texture": "#texture" },
				"east": { "uv": [ 8.625, 8.6875, 8.5625, 8.8125 ], "texture": "#texture" }
			}
		},
		{
			"__comment": "Voxels",
			"from": [ 0, 1, 0.75 ],
			"to": [ 4.25, 1.25, 1.5 ],
			"faces": {
				"down": { "uv": [ 6.4375, 10.3125, 7.5, 10.5 ], "texture": "#texture" },
				"up": { "uv": [ 6.4375, 11.4375, 7.5, 11.25 ], "texture": "#texture" },
				"north": { "uv": [ 9.6875, 11.6875, 8.625, 11.75 ], "texture": "#texture" },
				"south": { "uv": [ 8.625, 11.3125, 9.6875, 11.375 ], "texture": "#texture" },
				"west": { "uv": [ 0.5, 8, 0.6875, 8.0625 ], "texture": "#texture" },
				"east": { "uv": [ 15.8125, 15.5625, 15.625, 15.625 ], "texture": "#texture" }
			}
		},
		{
			"__comment": "Voxels",
			"from": [ 0, 1, 1.75 ],
			"to": [ 4.25, 2.5, 2.75 ],
			"faces": {
				"down": { "uv": [ 6.4375, 13.125, 7.5, 13.375 ], "texture": "#texture" },
				"up": { "uv": [ 6.4375, 14.375, 7.5, 14.125 ], "texture": "#texture" },
				"north": { "uv": [ 7.5, 15.625, 6.4375, 16 ], "texture": "#texture" },
				"south": { "uv": [ 5.25, 9.125, 6.3125, 9.5 ], "texture": "#texture" },
				"west": { "uv": [ 1.5625, 8.6875, 1.8125, 9.0625 ], "texture": "#texture" },
				"east": { "uv": [ 0.5, 8.3125, 0.25, 8.6875 ], "texture": "#texture" }
			}
		},
		{
			"__comment": "Voxels",
			"from": [ 0, 1, 3 ],
			"to": [ 4.25, 1.5, 3.25 ],
			"faces": {
				"down": { "uv": [ 8.625, 12.9375, 9.6875, 13 ], "texture": "#texture" },
				"up": { "uv": [ 8.625, 12.25, 9.6875, 12.1875 ], "texture": "#texture" },
				"north": { "uv": [ 8.5625, 8.1875, 7.5, 8.3125 ], "texture": "#texture" },
				"south": { "uv": [ 6.4375, 9.75, 7.5, 9.875 ], "texture": "#texture" },
				"west": { "uv": [ 15.875, 14.9375, 15.9375, 15.0625 ], "texture": "#texture" },
				"east": { "uv": [ 16, 14.9375, 15.9375, 15.0625 ], "texture": "#texture" }
			}
		},
		{
			"__comment": "Voxels",
			"from": [ 0, 1, 3.25 ],
			"to": [ 4.25, 1.25, 4 ],
			"faces": {
				"down": { "uv": [ 6.4375, 10.875, 7.5, 11.0625 ], "texture": "#texture" },
				"up": { "uv": [ 6.4375, 11.8125, 7.5, 11.625 ], "texture": "#texture" },
				"north": { "uv": [ 9.6875, 10.6875, 8.625, 10.75 ], "texture": "#texture" },
				"south": { "uv": [ 8.625, 10.5, 9.6875, 10.5625 ], "texture": "#texture" },
				"west": { "uv": [ 15.6875, 14.875, 15.875, 14.9375 ], "texture": "#texture" },
				"east": { "uv": [ 0.6875, 8.0625, 0.5, 8.125 ], "texture": "#texture" }
			}
		},
		{
			"__comment": "Voxels",
			"from": [ 0, 1, 4.25 ],
			"to": [ 4.25, 2.5, 5.25 ],
			"faces": {
				"down": { "uv": [ 6.4375, 13.625, 7.5, 13.875 ], "texture": "#texture" },
				"up": { "uv": [ 6.4375, 14.125, 7.5, 13.875 ], "texture": "#texture" },
				"north": { "uv": [ 6.3125, 8, 5.25, 8.375 ], "texture": "#texture" },
				"south": { "uv": [ 5.25, 8.375, 6.3125, 8.75 ], "texture": "#texture" },
				"west": { "uv": [ 0.5, 8.3125, 0.75, 8.6875 ], "texture": "#texture" },
				"east": { "uv": [ 0.25, 8.3125, 0, 8.6875 ], "texture": "#texture" }
			}
		},
		{
			"__comment": "Voxels",
			"from": [ 0, 1, 9.25 ],
			"to": [ 4.25, 4, 9.75 ],
			"faces": {
				"down": { "uv": [ 6.4375, 8.125, 7.5, 8.25 ], "texture": "#texture" },
				"up": { "uv": [ 6.4375, 8.375, 7.5, 8.25 ], "texture": "#texture" },
				"north": { "uv": [ 4, 8.75, 2.9375, 9.5 ], "texture": "#texture" },
				"south": { "uv": [ 2.9375, 8, 4, 8.75 ], "texture": "#texture" },
				"west": { "uv": [ 1.4375, 8.3125, 1.5625, 9.0625 ], "texture": "#texture" },
				"east": { "uv": [ 1.8125, 9.0625, 1.6875, 9.8125 ], "texture": "#texture" }
			}
		},
		{
			"__comment": "Voxels",
			"from": [ 0, 1.25, 1.25 ],
			"to": [ 4.25, 1.5, 1.5 ],
			"faces": {
				"down": { "uv": [ 8.625, 10.4375, 9.6875, 10.5 ], "texture": "#texture" },
				"up": { "uv": [ 8.625, 10.4375, 9.6875, 10.375 ], "texture": "#texture" },
				"north": { "uv": [ 9.6875, 10.1875, 8.625, 10.25 ], "texture": "#texture" },
				"south": { "uv": [ 8.625, 13.3125, 9.6875, 13.375 ], "texture": "#texture" },
				"west": { "uv": [ 15.875, 14.875, 15.9375, 14.9375 ], "texture": "#texture" },
				"east": { "uv": [ 16, 14.875, 15.9375, 14.9375 ], "texture": "#texture" }
			}
		},
		{
			"__comment": "Voxels",
			"from": [ 0, 1.25, 3.75 ],
			"to": [ 4.25, 1.5, 4 ],
			"faces": {
				"down": { "uv": [ 8.625, 14.125, 9.6875, 14.1875 ], "texture": "#texture" },
				"up": { "uv": [ 8.625, 14.125, 9.6875, 14.0625 ], "texture": "#texture" },
				"north": { "uv": [ 9.6875, 14, 8.625, 14.0625 ], "texture": "#texture" },
				"south": { "uv": [ 8.625, 13.9375, 9.6875, 14 ], "texture": "#texture" },
				"west": { "uv": [ 15.9375, 15.6875, 16, 15.75 ], "texture": "#texture" },
				"east": { "uv": [ 16, 15.75, 15.9375, 15.8125 ], "texture": "#texture" }
			}
		},
		{
			"__comment": "Voxels",
			"from": [ 0, 2, 0.5 ],
			"to": [ 4.25, 2.5, 0.75 ],
			"faces": {
				"down": { "uv": [ 8.625, 13.75, 9.6875, 13.8125 ], "texture": "#texture" },
				"up": { "uv": [ 8.625, 13.75, 9.6875, 13.6875 ], "texture": "#texture" },
				"north": { "uv": [ 7.5, 9.625, 6.4375, 9.75 ], "texture": "#texture" },
				"south": { "uv": [ 6.4375, 8.375, 7.5, 8.5 ], "texture": "#texture" },
				"west": { "uv": [ 8.6875, 8.625, 8.75, 8.75 ], "texture": "#texture" },
				"east": { "uv": [ 1.875, 9.0625, 1.8125, 9.1875 ], "texture": "#texture" }
			}
		},
		{
			"__comment": "Voxels",
			"from": [ 0, 2, 1.25 ],
			"to": [ 4.25, 2.5, 1.5 ],
			"faces": {
				"down": { "uv": [ 8.625, 10.625, 9.6875, 10.6875 ], "texture": "#texture" },
				"up": { "uv": [ 8.625, 10.625, 9.6875, 10.5625 ], "texture": "#texture" },
				"north": { "uv": [ 7.5, 8.5, 6.4375, 8.625 ], "texture": "#texture" },
				"south": { "uv": [ 6.4375, 8.625, 7.5, 8.75 ], "texture": "#texture" },
				"west": { "uv": [ 0.9375, 8, 1, 8.125 ], "texture": "#texture" },
				"east": { "uv": [ 1.0625, 8, 1, 8.125 ], "texture": "#texture" }
			}
		},
		{
			"__comment": "Voxels",
			"from": [ 0, 2, 3 ],
			"to": [ 4.25, 2.5, 3.25 ],
			"faces": {
				"down": { "uv": [ 8.625, 10.3125, 9.6875, 10.375 ], "texture": "#texture" },
				"up": { "uv": [ 8.625, 10.3125, 9.6875, 10.25 ], "texture": "#texture" },
				"north": { "uv": [ 7.5, 8.75, 6.4375, 8.875 ], "texture": "#texture" },
				"south": { "uv": [ 6.4375, 8.875, 7.5, 9 ], "texture": "#texture" },
				"west": { "uv": [ 6.3125, 9.5, 6.375, 9.625 ], "texture": "#texture" },
				"east": { "uv": [ 6.375, 8, 6.3125, 8.125 ], "texture": "#texture" }
			}
		},
		{
			"__comment": "Voxels",
			"from": [ 0, 2, 3.75 ],
			"to": [ 4.25, 2.5, 4 ],
			"faces": {
				"down": { "uv": [ 14.25, 14.25, 15.3125, 14.3125 ], "texture": "#texture" },
				"up": { "uv": [ 8.625, 14.25, 9.6875, 14.1875 ], "texture": "#texture" },
				"north": { "uv": [ 7.5, 10, 6.4375, 10.125 ], "texture": "#texture" },
				"south": { "uv": [ 6.4375, 9, 7.5, 9.125 ], "texture": "#texture" },
				"west": { "uv": [ 6.375, 9.5, 6.4375, 9.625 ], "texture": "#texture" },
				"east": { "uv": [ 6.375, 8.75, 6.3125, 8.875 ], "texture": "#texture" }
			}
		},
		{
			"__comment": "Voxels",
			"from": [ 0, 2.25, 0.75 ],
			"to": [ 4.25, 2.5, 1.25 ],
			"faces": {
				"down": { "uv": [ 6.4375, 9.125, 7.5, 9.25 ], "texture": "#texture" },
				"up": { "uv": [ 6.4375, 9.375, 7.5, 9.25 ], "texture": "#texture" },
				"north": { "uv": [ 9.6875, 13.875, 8.625, 13.9375 ], "texture": "#texture" },
				"south": { "uv": [ 8.625, 13.8125, 9.6875, 13.875 ], "texture": "#texture" },
				"west": { "uv": [ 6.3125, 9.125, 6.4375, 9.1875 ], "texture": "#texture" },
				"east": { "uv": [ 6.4375, 8.4375, 6.3125, 8.5 ], "texture": "#texture" }
			}
		},
		{
			"__comment": "Voxels",
			"from": [ 0, 2.25, 3.25 ],
			"to": [ 4.25, 2.5, 3.75 ],
			"faces": {
				"down": { "uv": [ 6.4375, 9.375, 7.5, 9.5 ], "texture": "#texture" },
				"up": { "uv": [ 6.4375, 9.625, 7.5, 9.5 ], "texture": "#texture" },
				"north": { "uv": [ 9.6875, 13.625, 8.625, 13.6875 ], "texture": "#texture" },
				"south": { "uv": [ 8.625, 13.5625, 9.6875, 13.625 ], "texture": "#texture" },
				"west": { "uv": [ 6.3125, 8.375, 6.4375, 8.4375 ], "texture": "#texture" },
				"east": { "uv": [ 6.4375, 8.125, 6.3125, 8.1875 ], "texture": "#texture" }
			}
		},
		{
			"__comment": "Voxels",
			"from": [ 0, 2.5, 5.5 ],
			"to": [ 4.25, 4, 5.75 ],
			"faces": {
				"down": { "uv": [ 8.625, 13.5, 9.6875, 13.5625 ], "texture": "#texture" },
				"up": { "uv": [ 8.625, 13.5, 9.6875, 13.4375 ], "texture": "#texture" },
				"north": { "uv": [ 7.5, 15.25, 6.4375, 15.625 ], "texture": "#texture" },
				"south": { "uv": [ 5.25, 8.75, 6.3125, 9.125 ], "texture": "#texture" },
				"west": { "uv": [ 6.3125, 9.625, 6.375, 10 ], "texture": "#texture" },
				"east": { "uv": [ 1.875, 8.6875, 1.8125, 9.0625 ], "texture": "#texture" }
			}
		},
		{
			"__comment": "Voxels",
			"from": [ 0, 2.75, 0.75 ],
			"to": [ 4.25, 3.5, 5.25 ],
			"faces": {
				"down": { "uv": [ 1.875, 8.25, 2.9375, 9.375 ], "texture": "#texture" },
				"up": { "uv": [ 1.875, 10.5, 2.9375, 9.375 ], "texture": "#texture" },
				"north": { "uv": [ 7.5, 10.5, 6.4375, 10.6875 ], "texture": "#texture" },
				"south": { "uv": [ 6.4375, 10.6875, 7.5, 10.875 ], "texture": "#texture" },
				"west": { "uv": [ 7.5, 12, 8.625, 12.1875 ], "texture": "#texture" },
				"east": { "uv": [ 8.625, 12.1875, 7.5, 12.375 ], "texture": "#texture" }
			}
		},
		{
			"__comment": "Voxels",
			"from": [ 0, 3, 5.75 ],
			"to": [ 4.25, 4, 6 ],
			"faces": {
				"down": { "uv": [ 8.625, 12.875, 9.6875, 12.9375 ], "texture": "#texture" },
				"up": { "uv": [ 8.625, 12.875, 9.6875, 12.8125 ], "texture": "#texture" },
				"north": { "uv": [ 7.5, 12.375, 6.4375, 12.625 ], "texture": "#texture" },
				"south": { "uv": [ 6.4375, 12.875, 7.5, 13.125 ], "texture": "#texture" },
				"west": { "uv": [ 6.3125, 8.875, 6.375, 9.125 ], "texture": "#texture" },
				"east": { "uv": [ 6.375, 8.5, 6.3125, 8.75 ], "texture": "#texture" }
			}
		},
		{
			"__comment": "Voxels",
			"from": [ 0, 3, 9 ],
			"to": [ 4.25, 4, 9.25 ],
			"faces": {
				"down": { "uv": [ 8.625, 12.625, 9.6875, 12.6875 ], "texture": "#texture" },
				"up": { "uv": [ 8.625, 12.625, 9.6875, 12.5625 ], "texture": "#texture" },
				"north": { "uv": [ 7.5, 12.625, 6.4375, 12.875 ], "texture": "#texture" },
				"south": { "uv": [ 6.4375, 13.375, 7.5, 13.625 ], "texture": "#texture" },
				"west": { "uv": [ 5.1875, 8, 5.25, 8.25 ], "texture": "#texture" },
				"east": { "uv": [ 6.4375, 9.25, 6.375, 9.5 ], "texture": "#texture" }
			}
		},
		{
			"__comment": "Voxels",
			"from": [ 0, 3.25, 6 ],
			"to": [ 4.25, 4, 6.25 ],
			"faces": {
				"down": { "uv": [ 8.625, 12.375, 9.6875, 12.4375 ], "texture": "#texture" },
				"up": { "uv": [ 8.625, 12.375, 9.6875, 12.3125 ], "texture": "#texture" },
				"north": { "uv": [ 7.5, 10.125, 6.4375, 10.3125 ], "texture": "#texture" },
				"south": { "uv": [ 6.4375, 11.8125, 7.5, 12 ], "texture": "#texture" },
				"west": { "uv": [ 0.875, 8.125, 0.9375, 8.3125 ], "texture": "#texture" },
				"east": { "uv": [ 1.25, 8, 1.1875, 8.1875 ], "texture": "#texture" }
			}
		},
		{
			"__comment": "Voxels",
			"from": [ 0, 3.25, 8.75 ],
			"to": [ 4.25, 4, 9 ],
			"faces": {
				"down": { "uv": [ 8.625, 12.125, 9.6875, 12.1875 ], "texture": "#texture" },
				"up": { "uv": [ 8.625, 12.125, 9.6875, 12.0625 ], "texture": "#texture" },
				"north": { "uv": [ 7.5, 12, 6.4375, 12.1875 ], "texture": "#texture" },
				"south": { "uv": [ 6.4375, 12.1875, 7.5, 12.375 ], "texture": "#texture" },
				"west": { "uv": [ 1.8125, 8.3125, 1.875, 8.5 ], "texture": "#texture" },
				"east": { "uv": [ 1.375, 8, 1.3125, 8.1875 ], "texture": "#texture" }
			}
		},
		{
			"__comment": "Voxels",
			"from": [ 0, 3.5, 6.25 ],
			"to": [ 4.25, 4, 6.5 ],
			"faces": {
				"down": { "uv": [ 8.625, 11.875, 9.6875, 11.9375 ], "texture": "#texture" },
				"up": { "uv": [ 8.625, 11.875, 9.6875, 11.8125 ], "texture": "#texture" },
				"north": { "uv": [ 8.5625, 8.0625, 7.5, 8.1875 ], "texture": "#texture" },
				"south": { "uv": [ 7.5, 8.3125, 8.5625, 8.4375 ], "texture": "#texture" },
				"west": { "uv": [ 8.5625, 8.4375, 8.625, 8.5625 ], "texture": "#texture" },
				"east": { "uv": [ 8.625, 8.3125, 8.5625, 8.4375 ], "texture": "#texture" }
			}
		},
		{
			"__comment": "Voxels",
			"from": [ 0, 3.5, 8.5 ],
			"to": [ 4.25, 4, 8.75 ],
			"faces": {
				"down": { "uv": [ 8.625, 11.625, 9.6875, 11.6875 ], "texture": "#texture" },
				"up": { "uv": [ 8.625, 11.625, 9.6875, 11.5625 ], "texture": "#texture" },
				"north": { "uv": [ 9.6875, 14.9375, 8.625, 15.0625 ], "texture": "#texture" },
				"south": { "uv": [ 6.4375, 9.875, 7.5, 10 ], "texture": "#texture" },
				"west": { "uv": [ 8.625, 8, 8.6875, 8.125 ], "texture": "#texture" },
				"east": { "uv": [ 8.625, 8.0625, 8.5625, 8.1875 ], "texture": "#texture" }
			}
		},
		{
			"__comment": "Voxels",
			"from": [ 0, 3.75, 0.5 ],
			"to": [ 4.25, 4, 5.5 ],
			"faces": {
				"down": { "uv": [ 1.875, 10.5, 2.9375, 11.75 ], "texture": "#texture" },
				"up": { "uv": [ 1.875, 13, 2.9375, 11.75 ], "texture": "#texture" },
				"north": { "uv": [ 9.6875, 11.25, 8.625, 11.3125 ], "texture": "#texture" },
				"south": { "uv": [ 8.625, 11.1875, 9.6875, 11.25 ], "texture": "#texture" },
				"west": { "uv": [ 14.0625, 15.1875, 15.3125, 15.25 ], "texture": "#texture" },
				"east": { "uv": [ 10.9375, 15, 9.6875, 15.0625 ], "texture": "#texture" }
			}
		},
		{
			"__comment": "Voxels",
			"from": [ 0, 3.75, 6.5 ],
			"to": [ 4.25, 4, 8.5 ],
			"faces": {
				"down": { "uv": [ 5.25, 10.5, 6.3125, 11 ], "texture": "#texture" },
				"up": { "uv": [ 5.25, 12, 6.3125, 11.5 ], "texture": "#texture" },
				"north": { "uv": [ 9.6875, 10.875, 8.625, 10.9375 ], "texture": "#texture" },
				"south": { "uv": [ 8.625, 10.8125, 9.6875, 10.875 ], "texture": "#texture" },
				"west": { "uv": [ 15.375, 15.9375, 15.875, 16 ], "texture": "#texture" },
				"east": { "uv": [ 15.875, 15.625, 15.375, 15.6875 ], "texture": "#texture" }
			}
		},
		{
			"__comment": "Voxels",
			"from": [ 0.25, 0, 0 ],
			"to": [ 4, 0.25, 9.75 ],
			"faces": {
				"down": { "uv": [ 0, 13.5625, 0.9375, 16 ], "texture": "#texture" },
				"up": { "uv": [ 0, 11.125, 0.9375, 8.6875 ], "texture": "#texture" },
				"north": { "uv": [ 9.5625, 10, 8.625, 10.0625 ], "texture": "#texture" },
				"south": { "uv": [ 8.625, 9.875, 9.5625, 9.9375 ], "texture": "#texture" },
				"west": { "uv": [ 13.375, 15.3125, 15.8125, 15.375 ], "texture": "#texture" },
				"east": { "uv": [ 15.8125, 15.25, 13.375, 15.3125 ], "texture": "#texture" }
			}
		},
		{
			"__comment": "Voxels",
			"from": [ 0.25, 0.25, -0.25 ],
			"to": [ 4, 4, 0 ],
			"faces": {
				"down": { "uv": [ 8.625, 9.8125, 9.5625, 9.875 ], "texture": "#texture" },
				"up": { "uv": [ 8.625, 10, 9.5625, 9.9375 ], "texture": "#texture" },
				"north": { "uv": [ 1.875, 12.625, 0.9375, 13.5625 ], "texture": "#texture" },
				"south": { "uv": [ 0.9375, 11.6875, 1.875, 12.625 ], "texture": "#texture" },
				"west": { "uv": [ 8.625, 8.75, 8.6875, 9.6875 ], "texture": "#texture" },
				"east": { "uv": [ 8.75, 8.75, 8.6875, 9.6875 ], "texture": "#texture" }
			}
		},
		{
			"__comment": "Voxels",
			"from": [ 0.25, 0.25, 9.75 ],
			"to": [ 4, 4, 10 ],
			"faces": {
				"down": { "uv": [ 8.625, 10.125, 9.5625, 10.1875 ], "texture": "#texture" },
				"up": { "uv": [ 8.625, 10.125, 9.5625, 10.0625 ], "texture": "#texture" },
				"north": { "uv": [ 1.875, 10.75, 0.9375, 11.6875 ], "texture": "#texture" },
				"south": { "uv": [ 0.9375, 9.8125, 1.875, 10.75 ], "texture": "#texture" },
				"west": { "uv": [ 4, 10.4375, 4.0625, 11.375 ], "texture": "#texture" },
				"east": { "uv": [ 4.0625, 9.5, 4, 10.4375 ], "texture": "#texture" }
			}
		},
		{
			"__comment": "Voxels",
			"from": [ 0.25, 4, 0 ],
			"to": [ 4, 4.25, 9.75 ],
			"faces": {
				"down": { "uv": [ 0.9375, 13.5625, 1.875, 16 ], "texture": "#texture" },
				"up": { "uv": [ 0, 13.5625, 0.9375, 11.125 ], "texture": "#texture" },
				"north": { "uv": [ 9.5625, 9.75, 8.625, 9.8125 ], "texture": "#texture" },
				"south": { "uv": [ 8.625, 9.6875, 9.5625, 9.75 ], "texture": "#texture" },
				"west": { "uv": [ 13.375, 15.375, 15.8125, 15.4375 ], "texture": "#texture" },
				"east": { "uv": [ 11.0625, 15.1875, 8.625, 15.25 ], "texture": "#texture" }
			}
		},
		{
			"__comment": "Voxels",
			"from": [ 1.75, 4.25, 4.25 ],
			"to": [ 2.5, 4.5, 5 ],
			"faces": {
				"down": { "uv": [ 0.6875, 8.125, 0.875, 8.3125 ], "texture": "#texture" },
				"up": { "uv": [ 1.5625, 8.6875, 1.75, 8.5 ], "texture": "#texture" },
				"north": { "uv": [ 15.8125, 15.5, 15.625, 15.5625 ], "texture": "#texture" },
				"south": { "uv": [ 15.625, 15.4375, 15.8125, 15.5 ], "texture": "#texture" },
				"west": { "uv": [ 15.8125, 15.5625, 16, 15.625 ], "texture": "#texture" },
				"east": { "uv": [ 16, 15.5, 15.8125, 15.5625 ], "texture": "#texture" }
			}
		},
		{
			"__comment": "Voxels",
			"from": [ 1.75, 4.5, 5 ],
			"to": [ 2.5, 4.75, 5.75 ],
			"faces": {
				"down": { "uv": [ 0.75, 8.5, 0.9375, 8.6875 ], "texture": "#texture" },
				"up": { "uv": [ 0.25, 8.3125, 0.4375, 8.125 ], "texture": "#texture" },
				"north": { "uv": [ 16, 15.375, 15.8125, 15.4375 ], "texture": "#texture" },
				"south": { "uv": [ 15.8125, 15.3125, 16, 15.375 ], "texture": "#texture" },
				"west": { "uv": [ 15.8125, 15.25, 16, 15.3125 ], "texture": "#texture" },
				"east": { "uv": [ 15.5, 15.1875, 15.3125, 15.25 ], "texture": "#texture" }
			}
		},
		{
			"__comment": "Voxels",
			"from": [ 1.75, 4.75, 5.25 ],
			"to": [ 2.5, 5, 6 ],
			"faces": {
				"down": { "uv": [ 1.5625, 8.3125, 1.75, 8.5 ], "texture": "#texture" },
				"up": { "uv": [ 0, 8.3125, 0.1875, 8.125 ], "texture": "#texture" },
				"north": { "uv": [ 15.9375, 15.125, 15.75, 15.1875 ], "texture": "#texture" },
				"south": { "uv": [ 15.75, 15.0625, 15.9375, 15.125 ], "texture": "#texture" },
				"west": { "uv": [ 15.6875, 15, 15.875, 15.0625 ], "texture": "#texture" },
				"east": { "uv": [ 15.875, 14.9375, 15.6875, 15 ], "texture": "#texture" }
			}
		},
		{
			"__comment": "Voxels",
			"from": [ 1.75, 5, 6 ],
			"to": [ 2.5, 5.25, 6.75 ],
			"faces": {
				"down": { "uv": [ 0.5, 8.125, 0.6875, 8.3125 ], "texture": "#texture" },
				"up": { "uv": [ 0.75, 8.5, 0.9375, 8.3125 ], "texture": "#texture" },
				"north": { "uv": [ 15.5625, 14.8125, 15.375, 14.875 ], "texture": "#texture" },
				"south": { "uv": [ 15.5625, 14.8125, 15.75, 14.875 ], "texture": "#texture" },
				"west": { "uv": [ 15.75, 14.8125, 15.9375, 14.875 ], "texture": "#texture" },
				"east": { "uv": [ 15.5625, 14.75, 15.375, 14.8125 ], "texture": "#texture" }
			}
		},
		{
			"__comment": "Voxels",
			"from": [ 2, 4.25, 4 ],
			"to": [ 2.25, 4.5, 4.25 ],
			"faces": {
				"down": { "uv": [ 15.75, 14.75, 15.8125, 14.8125 ], "texture": "#texture" },
				"up": { "uv": [ 15.8125, 14.8125, 15.875, 14.75 ], "texture": "#texture" },
				"north": { "uv": [ 15.9375, 14.75, 15.875, 14.8125 ], "texture": "#texture" },
				"south": { "uv": [ 15.9375, 14.75, 16, 14.8125 ], "texture": "#texture" },
				"west": { "uv": [ 15.375, 14.6875, 15.4375, 14.75 ], "texture": "#texture" },
				"east": { "uv": [ 15.5, 14.6875, 15.4375, 14.75 ], "texture": "#texture" }
			}
		},
		{
			"__comment": "Voxels",
			"from": [ 2, 4.5, 5.75 ],
			"to": [ 2.25, 4.75, 6 ],
			"faces": {
				"down": { "uv": [ 15.5, 14.6875, 15.5625, 14.75 ], "texture": "#texture" },
				"up": { "uv": [ 15.5625, 14.75, 15.625, 14.6875 ], "texture": "#texture" },
				"north": { "uv": [ 15.6875, 14.6875, 15.625, 14.75 ], "texture": "#texture" },
				"south": { "uv": [ 15.6875, 14.6875, 15.75, 14.75 ], "texture": "#texture" },
				"west": { "uv": [ 15.75, 14.6875, 15.8125, 14.75 ], "texture": "#texture" },
				"east": { "uv": [ 15.875, 14.6875, 15.8125, 14.75 ], "texture": "#texture" }
			}
		},
		{
			"__comment": "Voxels",
			"from": [ 2, 4.75, 5 ],
			"to": [ 2.25, 5, 5.25 ],
			"faces": {
				"down": { "uv": [ 15.875, 14.6875, 15.9375, 14.75 ], "texture": "#texture" },
				"up": { "uv": [ 15.9375, 14.75, 16, 14.6875 ], "texture": "#texture" },
				"north": { "uv": [ 15.4375, 14.625, 15.375, 14.6875 ], "texture": "#texture" },
				"south": { "uv": [ 15.4375, 14.625, 15.5, 14.6875 ], "texture": "#texture" },
				"west": { "uv": [ 15.5, 14.625, 15.5625, 14.6875 ], "texture": "#texture" },
				"east": { "uv": [ 15.625, 14.625, 15.5625, 14.6875 ], "texture": "#texture" }
			}
		},
		{
			"__comment": "Voxels",
			"from": [ 2, 5, 6.75 ],
			"to": [ 2.25, 5.25, 7 ],
			"faces": {
				"down": { "uv": [ 15.625, 14.625, 15.6875, 14.6875 ], "texture": "#texture" },
				"up": { "uv": [ 15.6875, 14.6875, 15.75, 14.625 ], "texture": "#texture" },
				"north": { "uv": [ 15.8125, 14.625, 15.75, 14.6875 ], "texture": "#texture" },
				"south": { "uv": [ 15.8125, 14.625, 15.875, 14.6875 ], "texture": "#texture" },
				"west": { "uv": [ 15.875, 14.625, 15.9375, 14.6875 ], "texture": "#texture" },
				"east": { "uv": [ 16, 14.625, 15.9375, 14.6875 ], "texture": "#texture" }
			}
		}
	],
	"display": {
		"thirdperson_righthand": {
			"rotation":  [ 0, 180, 0 ],
			"translation":  [ -6.259, 7.6521, -1.391 ]
		},
		"thirdperson_lefthand": {
			"translation":  [ -6.26, 7.6521, 6.2608 ]
		},
		"firstperson_righthand": {
			"rotation":  [ 15, 0, 0 ],
			"translation":  [ 14.608, 6.9565, -1.39 ]
		},
		"firstperson_lefthand": {
			"rotation":  [ 15, -180, -3 ],
			"translation":  [ 12.519, 8.3478, -5.56 ]
		},
		"gui": {
			"rotation":  [ 3, 77, 0 ],
			"translation":  [ 4.1739, 6.2611, 0 ]
		},
		"head": {
			"scale":  [ 0.0001, 0.0001, 0.0001 ]
		},
		"ground": {
			"translation":  [ 6, 5, 3.9 ]
		},
		"fixed": {
			"rotation":  [ 0, -90, 0 ],
			"translation":  [ -4.691, 8.3478, 8.9782 ],
			"scale":  [ 1.5, 1.5, 1.5 ]
		}
	}
}
