{
  "ampharos": {"sounds": [{"name":"ampharos", "stream": true}]},
  "arceus": {"sounds": [{"name":"arceus", "stream": true}]},
  "articuno": {"sounds": [{"name":"articuno", "stream": true}]},
  "azureflute": {"sounds": [{"name":"azureflute", "stream": true}]},
  "badge": {"sounds": [{"name":"badge", "stream": true}]},
  "celebi": {"sounds": [{"name":"celebi", "stream": true}]},
  "chickorita": {"sounds": [{"name":"chickorita", "stream": true}]},
  "cut": {"sounds": [{"name":"cut", "stream": true}]},
  "cyndaquil": {"sounds": [{"name":"cyndaquil", "stream": true}]},
  "dialga": {"sounds": [{"name":"dialga", "stream": true}]},
  "door": {"sounds": [{"name":"door", "stream": true}]},
  "egghatch": {"sounds": [{"name":"egghatch", "stream": true}]},
  "entei": {"sounds": [{"name":"entei", "stream": true}]},
  "farfetchd": {"sounds": [{"name":"farfetchd", "stream": true}]},
  "flee": {"sounds": [{"name":"flee", "stream": true}]},
  "giratina": {"sounds": [{"name":"giratina", "stream": true}]},
  "groudon": {"sounds": [{"name":"groudon", "stream": true}]},
  "gyarados": {"sounds": [{"name":"gyarados", "stream": true}]},
  "hooh": {"sounds": [{"name":"hooh", "stream": true}]},
  "kyogre": {"sounds": [{"name":"kyogre", "stream": true}]},
  "lapras": {"sounds": [{"name":"lapras", "stream": true}]},
  "latias": {"sounds": [{"name":"latias", "stream": true}]},
  "latios": {"sounds": [{"name":"latios", "stream": true}]},
  "loot_obtained": {"sounds": [{"name":"loot_obtained", "stream": true}]},
  "lugia": {"sounds": [{"name":"lugia", "stream": true}]},
  "lugiaspawn": {"sounds": [{"name":"lugiaspawn", "stream": true}]},
  "magnettrain": {"sounds": [{"name":"magnettrain", "stream": true}]},
  "mewtwo": {"sounds": [{"name":"mewtwo", "stream": true}]},
  "moltres": {"sounds": [{"name":"moltres", "stream": true}]},
  "palkia": {"sounds": [{"name":"palkia", "stream": true}]},
  "raikou": {"sounds": [{"name":"raikou", "stream": true}]},
  "rayquaza": {"sounds": [{"name":"rayquaza", "stream": true}]},
  "rockettransmission": {"sounds": [{"name":"rockettransmission", "stream": true}]},
  "shiny": {"sounds": [{"name":"shiny", "stream": true}]},
  "snorlax": {"sounds": [{"name":"snorlax", "stream": true}]},
  "suicune": {"sounds": [{"name":"suicune", "stream": true}]},
  "totodile": {"sounds": [{"name":"totodile", "stream": true}]},
  "unownstation": {"sounds": [{"name":"unownstation", "stream": true}]},
  "zapdos": {"sounds": [{"name":"zapdos", "stream": true}]}
}
