{
	"__comment": "Designed by Ozzy with Cubik Studio - https://cubik.studio",
	"textures": {
		"texture": "item/playeritems/malehat",
		"texture1": "item/playeritems/johto1logo"
	},
	"elements": [
		{
			"__comment": "Voxels",
			"from": [ 3, 4, 5.5 ],
			"to": [ 4, 7.5, 6 ],
			"faces": {
				"down": { "uv": [ 4, 9.125, 4.25, 9.25 ], "texture": "#texture" },
				"up": { "uv": [ 8.5, 8.25, 8.75, 8.125 ], "texture": "#texture" },
				"north": { "uv": [ 4.25, 10.625, 4, 11.5 ], "texture": "#texture" },
				"south": { "uv": [ 4, 9.75, 4.25, 10.625 ], "texture": "#texture" },
				"west": { "uv": [ 6.25, 9.125, 6.375, 10 ], "texture": "#texture" },
				"east": { "uv": [ 7.75, 9.25, 7.625, 10.125 ], "texture": "#texture" }
			}
		},
		{
			"__comment": "Voxels",
			"from": [ 3, 4, 6 ],
			"to": [ 3.5, 8, 10 ],
			"faces": {
				"down": { "uv": [ 2.25, 13, 2.375, 14 ], "texture": "#texture" },
				"up": { "uv": [ 2.25, 13, 2.375, 12 ], "texture": "#texture" },
				"north": { "uv": [ 6.375, 11.5, 6.25, 12.5 ], "texture": "#texture" },
				"south": { "uv": [ 7.625, 11.5, 7.75, 12.5 ], "texture": "#texture" },
				"west": { "uv": [ 4.25, 11.5, 5.25, 12.5 ], "texture": "#texture" },
				"east": { "uv": [ 6.25, 11.5, 5.25, 12.5 ], "texture": "#texture" }
			}
		},
		{
			"__comment": "Voxels",
			"from": [ 3, 4, 10 ],
			"to": [ 4, 7.5, 10.5 ],
			"faces": {
				"down": { "uv": [ 10.125, 11, 10.375, 11.125 ], "texture": "#texture" },
				"up": { "uv": [ 10.375, 11.125, 10.625, 11 ], "texture": "#texture" },
				"north": { "uv": [ 7.625, 12.75, 7.375, 13.625 ], "texture": "#texture" },
				"south": { "uv": [ 6.375, 11.875, 6.625, 12.75 ], "texture": "#texture" },
				"west": { "uv": [ 7.75, 9.25, 7.875, 10.125 ], "texture": "#texture" },
				"east": { "uv": [ 8, 9.25, 7.875, 10.125 ], "texture": "#texture" }
			}
		},
		{
			"__comment": "Voxels",
			"from": [ 3.5, 4, 4.5 ],
			"to": [ 4.5, 5.5, 5 ],
			"faces": {
				"down": { "uv": [ 10.625, 11, 10.875, 11.125 ], "texture": "#texture" },
				"up": { "uv": [ 9.125, 11, 9.375, 10.875 ], "texture": "#texture" },
				"north": { "uv": [ 4.25, 9.375, 4, 9.75 ], "texture": "#texture" },
				"south": { "uv": [ 4, 8.75, 4.25, 9.125 ], "texture": "#texture" },
				"west": { "uv": [ 7.625, 8, 7.75, 8.375 ], "texture": "#texture" },
				"east": { "uv": [ 6.375, 8.75, 6.25, 9.125 ], "texture": "#texture" }
			}
		},
		{
			"__comment": "Voxels",
			"from": [ 3.5, 4, 5 ],
			"to": [ 4, 7.5, 5.5 ],
			"faces": {
				"down": { "uv": [ 9, 12.125, 9.125, 12.25 ], "texture": "#texture" },
				"up": { "uv": [ 9, 12.375, 9.125, 12.25 ], "texture": "#texture" },
				"north": { "uv": [ 9.125, 9.25, 9, 10.125 ], "texture": "#texture" },
				"south": { "uv": [ 7.625, 8.375, 7.75, 9.25 ], "texture": "#texture" },
				"west": { "uv": [ 8.375, 8.375, 8.5, 9.25 ], "texture": "#texture" },
				"east": { "uv": [ 8.375, 8.375, 8.25, 9.25 ], "texture": "#texture" }
			}
		},
		{
			"__comment": "Voxels",
			"from": [ 3.5, 4, 10.5 ],
			"to": [ 4.5, 7.5, 11 ],
			"faces": {
				"down": { "uv": [ 9.375, 10.875, 9.625, 11 ], "texture": "#texture" },
				"up": { "uv": [ 9.625, 11, 9.875, 10.875 ], "texture": "#texture" },
				"north": { "uv": [ 7.125, 12.75, 6.875, 13.625 ], "texture": "#texture" },
				"south": { "uv": [ 7.125, 12.75, 7.375, 13.625 ], "texture": "#texture" },
				"west": { "uv": [ 8.375, 9.25, 8.5, 10.125 ], "texture": "#texture" },
				"east": { "uv": [ 8, 8.375, 7.875, 9.25 ], "texture": "#texture" }
			}
		},
		{
			"__comment": "Voxels",
			"from": [ 3.5, 4.5, 6 ],
			"to": [ 13, 8, 10 ],
			"faces": {
				"down": { "uv": [ 0, 14, 2.375, 15 ], "texture": "#texture" },
				"up": { "uv": [ 0, 16, 2.375, 15 ], "texture": "#texture" },
				"north": { "uv": [ 2.375, 11.125, 0, 12 ], "texture": "#texture" },
				"south": { "uv": [ 0, 10.25, 2.375, 11.125 ], "texture": "#texture" },
				"west": { "uv": [ 4.25, 9.125, 5.25, 10 ], "texture": "#texture" },
				"east": { "uv": [ 6.25, 9.125, 5.25, 10 ], "texture": "#texture" }
			}
		},
		{
			"__comment": "Voxels",
			"from": [ 3.5, 7.5, 5.5 ],
			"to": [ 12.5, 8, 6 ],
			"faces": {
				"down": { "uv": [ 9.125, 14.125, 11.375, 14.25 ], "texture": "#texture" },
				"up": { "uv": [ 11.375, 14.375, 13.625, 14.25 ], "texture": "#texture" },
				"north": { "uv": [ 11.375, 14.25, 9.125, 14.375 ], "texture": "#texture" },
				"south": { "uv": [ 13.625, 14.25, 15.875, 14.375 ], "texture": "#texture" },
				"west": { "uv": [ 15.875, 15.25, 16, 15.375 ], "texture": "#texture" },
				"east": { "uv": [ 14, 15.625, 13.875, 15.75 ], "texture": "#texture" }
			}
		},
		{
			"__comment": "Voxels",
			"from": [ 3.5, 7.5, 10 ],
			"to": [ 12.5, 8, 10.5 ],
			"faces": {
				"down": { "uv": [ 11.375, 14.5, 13.625, 14.625 ], "texture": "#texture" },
				"up": { "uv": [ 9.125, 14.625, 11.375, 14.5 ], "texture": "#texture" },
				"north": { "uv": [ 13.625, 14.125, 11.375, 14.25 ], "texture": "#texture" },
				"south": { "uv": [ 13.625, 14.375, 15.875, 14.5 ], "texture": "#texture" },
				"west": { "uv": [ 9.625, 10.625, 9.75, 10.75 ], "texture": "#texture" },
				"east": { "uv": [ 9.625, 10.625, 9.5, 10.75 ], "texture": "#texture" }
			}
		},
		{
			"__comment": "Voxels",
			"from": [ 3.5, 8, 6 ],
			"to": [ 12.5, 8.5, 10 ],
			"faces": {
				"down": { "uv": [ 0, 13, 2.25, 14 ], "texture": "#texture" },
				"up": { "uv": [ 0, 13, 2.25, 12 ], "texture": "#texture" },
				"north": { "uv": [ 15.875, 14.5, 13.625, 14.625 ], "texture": "#texture" },
				"south": { "uv": [ 9.125, 14.375, 11.375, 14.5 ], "texture": "#texture" },
				"west": { "uv": [ 8, 11.875, 9, 12 ], "texture": "#texture" },
				"east": { "uv": [ 9, 11.75, 8, 11.875 ], "texture": "#texture" }
			}
		},
		{
			"__comment": "Voxels",
			"from": [ 4, 4, 2.5 ],
			"to": [ 12, 5, 4 ],
			"faces": {
				"down": { "uv": [ 6.375, 15.625, 8.375, 16 ], "texture": "#texture" },
				"up": { "uv": [ 4.25, 9.125, 6.25, 8.75 ], "texture": "#texture" },
				"north": { "uv": [ 15.75, 15.375, 13.75, 15.625 ], "texture": "#texture" },
				"south": { "uv": [ 11.75, 15.375, 13.75, 15.625 ], "texture": "#texture" },
				"west": { "uv": [ 3.875, 8, 4.25, 8.25 ], "texture": "#texture" },
				"east": { "uv": [ 4.25, 8.25, 3.875, 8.5 ], "texture": "#texture" }
			}
		},
		{
			"__comment": "Voxels",
			"from": [ 4, 4, 4 ],
			"to": [ 5, 7, 4.5 ],
			"faces": {
				"down": { "uv": [ 6.125, 8, 6.375, 8.125 ], "texture": "#texture" },
				"up": { "uv": [ 4, 9.375, 4.25, 9.25 ], "texture": "#texture" },
				"north": { "uv": [ 5.75, 10.75, 5.5, 11.5 ], "texture": "#texture" },
				"south": { "uv": [ 2.125, 8, 2.375, 8.75 ], "texture": "#texture" },
				"west": { "uv": [ 2.25, 8.75, 2.375, 9.5 ], "texture": "#texture" },
				"east": { "uv": [ 2.375, 9.5, 2.25, 10.25 ], "texture": "#texture" }
			}
		},
		{
			"__comment": "Voxels",
			"from": [ 4, 4, 11 ],
			"to": [ 4.5, 8, 11.5 ],
			"faces": {
				"down": { "uv": [ 10.375, 10.75, 10.5, 10.875 ], "texture": "#texture" },
				"up": { "uv": [ 10.25, 10.875, 10.375, 10.75 ], "texture": "#texture" },
				"north": { "uv": [ 7.75, 10.5, 7.625, 11.5 ], "texture": "#texture" },
				"south": { "uv": [ 7.75, 10.5, 7.875, 11.5 ], "texture": "#texture" },
				"west": { "uv": [ 7.875, 10.5, 8, 11.5 ], "texture": "#texture" },
				"east": { "uv": [ 8.125, 10.5, 8, 11.5 ], "texture": "#texture" }
			}
		},
		{
			"__comment": "Voxels",
			"from": [ 4, 4, 11.5 ],
			"to": [ 5.5, 7, 12 ],
			"faces": {
				"down": { "uv": [ 8.625, 10.125, 9, 10.25 ], "texture": "#texture" },
				"up": { "uv": [ 8.625, 10.375, 9, 10.25 ], "texture": "#texture" },
				"north": { "uv": [ 4, 10.75, 3.625, 11.5 ], "texture": "#texture" },
				"south": { "uv": [ 3.625, 9.875, 4, 10.625 ], "texture": "#texture" },
				"west": { "uv": [ 6, 8, 6.125, 8.75 ], "texture": "#texture" },
				"east": { "uv": [ 6, 8, 5.875, 8.75 ], "texture": "#texture" }
			}
		},
		{
			"__comment": "Voxels",
			"from": [ 4, 4.5, 5 ],
			"to": [ 12.5, 7.5, 6 ],
			"faces": {
				"down": { "uv": [ 7.625, 15.375, 9.75, 15.625 ], "texture": "#texture" },
				"up": { "uv": [ 11.875, 16, 14, 15.75 ], "texture": "#texture" },
				"north": { "uv": [ 6.375, 15.25, 4.25, 16 ], "texture": "#texture" },
				"south": { "uv": [ 0, 8, 2.125, 8.75 ], "texture": "#texture" },
				"west": { "uv": [ 5.75, 10.75, 6, 11.5 ], "texture": "#texture" },
				"east": { "uv": [ 6.25, 10.75, 6, 11.5 ], "texture": "#texture" }
			}
		},
		{
			"__comment": "Voxels",
			"from": [ 4, 4.5, 10 ],
			"to": [ 13, 7.5, 10.5 ],
			"faces": {
				"down": { "uv": [ 13.625, 14.125, 15.875, 14.25 ], "texture": "#texture" },
				"up": { "uv": [ 11.375, 14.5, 13.625, 14.375 ], "texture": "#texture" },
				"north": { "uv": [ 2.25, 8.75, 0, 9.5 ], "texture": "#texture" },
				"south": { "uv": [ 0, 9.5, 2.25, 10.25 ], "texture": "#texture" },
				"west": { "uv": [ 6.25, 14.5, 6.375, 15.25 ], "texture": "#texture" },
				"east": { "uv": [ 5.875, 8, 5.75, 8.75 ], "texture": "#texture" }
			}
		},
		{
			"__comment": "Voxels",
			"from": [ 4, 5.5, 4.5 ],
			"to": [ 12, 8, 5 ],
			"faces": {
				"down": { "uv": [ 13.125, 13.5, 15.125, 13.625 ], "texture": "#texture" },
				"up": { "uv": [ 9.125, 13.5, 11.125, 13.375 ], "texture": "#texture" },
				"north": { "uv": [ 6.25, 12.5, 4.25, 13.125 ], "texture": "#texture" },
				"south": { "uv": [ 4.25, 13.125, 6.25, 13.75 ], "texture": "#texture" },
				"west": { "uv": [ 6.125, 8.125, 6.25, 8.75 ], "texture": "#texture" },
				"east": { "uv": [ 4.25, 11.5, 4.125, 12.125 ], "texture": "#texture" }
			}
		},
		{
			"__comment": "Voxels",
			"from": [ 4, 7.5, 5 ],
			"to": [ 12, 8, 5.5 ],
			"faces": {
				"down": { "uv": [ 14, 15.625, 16, 15.75 ], "texture": "#texture" },
				"up": { "uv": [ 11.125, 13.5, 13.125, 13.375 ], "texture": "#texture" },
				"north": { "uv": [ 15.125, 13.625, 13.125, 13.75 ], "texture": "#texture" },
				"south": { "uv": [ 11.125, 13.625, 13.125, 13.75 ], "texture": "#texture" },
				"west": { "uv": [ 9.375, 10.75, 9.5, 10.875 ], "texture": "#texture" },
				"east": { "uv": [ 9.375, 10.75, 9.25, 10.875 ], "texture": "#texture" }
			}
		},
		{
			"__comment": "Voxels",
			"from": [ 4, 7.5, 10.5 ],
			"to": [ 12, 8, 11 ],
			"faces": {
				"down": { "uv": [ 11.125, 13.875, 13.125, 14 ], "texture": "#texture" },
				"up": { "uv": [ 9.125, 14, 11.125, 13.875 ], "texture": "#texture" },
				"north": { "uv": [ 15.125, 13.375, 13.125, 13.5 ], "texture": "#texture" },
				"south": { "uv": [ 11.125, 13.25, 13.125, 13.375 ], "texture": "#texture" },
				"west": { "uv": [ 15.875, 14, 16, 14.125 ], "texture": "#texture" },
				"east": { "uv": [ 16, 14.125, 15.875, 14.25 ], "texture": "#texture" }
			}
		},
		{
			"__comment": "Voxels",
			"from": [ 4, 8, 5.5 ],
			"to": [ 12, 8.5, 6 ],
			"faces": {
				"down": { "uv": [ 9.125, 13.625, 11.125, 13.75 ], "texture": "#texture" },
				"up": { "uv": [ 11.125, 13.625, 13.125, 13.5 ], "texture": "#texture" },
				"north": { "uv": [ 15.125, 13.75, 13.125, 13.875 ], "texture": "#texture" },
				"south": { "uv": [ 13.125, 13.875, 15.125, 14 ], "texture": "#texture" },
				"west": { "uv": [ 15.875, 14.25, 16, 14.375 ], "texture": "#texture" },
				"east": { "uv": [ 16, 14.375, 15.875, 14.5 ], "texture": "#texture" }
			}
		},
		{
			"__comment": "Voxels",
			"from": [ 4, 8, 10 ],
			"to": [ 12, 8.5, 10.5 ],
			"faces": {
				"down": { "uv": [ 11.125, 13.75, 13.125, 13.875 ], "texture": "#texture" },
				"up": { "uv": [ 9.125, 13.625, 11.125, 13.5 ], "texture": "#texture" },
				"north": { "uv": [ 11.125, 13.25, 9.125, 13.375 ], "texture": "#texture" },
				"south": { "uv": [ 13.125, 14, 15.125, 14.125 ], "texture": "#texture" },
				"west": { "uv": [ 8.125, 8, 8.25, 8.125 ], "texture": "#texture" },
				"east": { "uv": [ 8.125, 8, 8, 8.125 ], "texture": "#texture" }
			}
		},
		{
			"__comment": "Voxels",
			"from": [ 4.5, 4, 2 ],
			"to": [ 11.5, 5, 2.5 ],
			"faces": {
				"down": { "uv": [ 9.125, 12.25, 10.875, 12.375 ], "texture": "#texture" },
				"up": { "uv": [ 9.125, 12.25, 10.875, 12.125 ], "texture": "#texture" },
				"north": { "uv": [ 11.125, 14.875, 9.375, 15.125 ], "texture": "#texture" },
				"south": { "uv": [ 11.125, 14.875, 12.875, 15.125 ], "texture": "#texture" },
				"west": { "uv": [ 4, 8.5, 4.125, 8.75 ], "texture": "#texture" },
				"east": { "uv": [ 4.25, 8.5, 4.125, 8.75 ], "texture": "#texture" }
			}
		},
		{
			"__comment": "Voxels",
			"from": [ 4.5, 4.5, 4.5 ],
			"to": [ 12.5, 5.5, 5 ],
			"faces": {
				"down": { "uv": [ 11.125, 14, 13.125, 14.125 ], "texture": "#texture" },
				"up": { "uv": [ 9.125, 14.125, 11.125, 14 ], "texture": "#texture" },
				"north": { "uv": [ 16, 15.75, 14, 16 ], "texture": "#texture" },
				"south": { "uv": [ 9.75, 15.375, 11.75, 15.625 ], "texture": "#texture" },
				"west": { "uv": [ 7.375, 13.875, 7.5, 14.125 ], "texture": "#texture" },
				"east": { "uv": [ 7.625, 13.875, 7.5, 14.125 ], "texture": "#texture" }
			}
		},
		{
			"__comment": "Voxels",
			"from": [ 4.5, 4.5, 10.5 ],
			"to": [ 12.5, 7.5, 11 ],
			"faces": {
				"down": { "uv": [ 9.125, 13.75, 11.125, 13.875 ], "texture": "#texture" },
				"up": { "uv": [ 11.875, 15.75, 13.875, 15.625 ], "texture": "#texture" },
				"north": { "uv": [ 6.25, 14.5, 4.25, 15.25 ], "texture": "#texture" },
				"south": { "uv": [ 4.25, 13.75, 6.25, 14.5 ], "texture": "#texture" },
				"west": { "uv": [ 4.125, 13.5, 4.25, 14.25 ], "texture": "#texture" },
				"east": { "uv": [ 6.375, 13.75, 6.25, 14.5 ], "texture": "#texture" }
			}
		},
		{
			"__comment": "Voxels",
			"from": [ 4.5, 4.5, 11 ],
			"to": [ 12, 8, 11.5 ],
			"faces": {
				"down": { "uv": [ 13.125, 13.25, 15, 13.375 ], "texture": "#texture" },
				"up": { "uv": [ 9.125, 13.25, 11, 13.125 ], "texture": "#texture" },
				"north": { "uv": [ 4.25, 15.125, 2.375, 16 ], "texture": "#texture" },
				"south": { "uv": [ 2.375, 14.25, 4.25, 15.125 ], "texture": "#texture" },
				"west": { "uv": [ 8, 9.25, 8.125, 10.125 ], "texture": "#texture" },
				"east": { "uv": [ 8.125, 8.375, 8, 9.25 ], "texture": "#texture" }
			}
		},
		{
			"__comment": "Voxels",
			"from": [ 4.5, 5, 2.5 ],
			"to": [ 11.5, 5.5, 4 ],
			"faces": {
				"down": { "uv": [ 8.375, 15.625, 10.125, 16 ], "texture": "#texture" },
				"up": { "uv": [ 10.125, 16, 11.875, 15.625 ], "texture": "#texture" },
				"north": { "uv": [ 10.875, 13, 9.125, 13.125 ], "texture": "#texture" },
				"south": { "uv": [ 9.125, 11.875, 10.875, 12 ], "texture": "#texture" },
				"west": { "uv": [ 3.625, 10.625, 4, 10.75 ], "texture": "#texture" },
				"east": { "uv": [ 8.875, 8.625, 8.5, 8.75 ], "texture": "#texture" }
			}
		},
		{
			"__comment": "Voxels",
			"from": [ 4.5, 7, 4 ],
			"to": [ 11.5, 8, 4.5 ],
			"faces": {
				"down": { "uv": [ 9.125, 12.875, 10.875, 13 ], "texture": "#texture" },
				"up": { "uv": [ 9.125, 12.875, 10.875, 12.75 ], "texture": "#texture" },
				"north": { "uv": [ 9.375, 14.625, 7.625, 14.875 ], "texture": "#texture" },
				"south": { "uv": [ 9.375, 14.625, 11.125, 14.875 ], "texture": "#texture" },
				"west": { "uv": [ 7.375, 13.625, 7.5, 13.875 ], "texture": "#texture" },
				"east": { "uv": [ 7.625, 13.625, 7.5, 13.875 ], "texture": "#texture" }
			}
		},
		{
			"__comment": "Voxels",
			"from": [ 4.5, 7, 11.5 ],
			"to": [ 11.5, 8, 12 ],
			"faces": {
				"down": { "uv": [ 9.125, 12.375, 10.875, 12.5 ], "texture": "#texture" },
				"up": { "uv": [ 9.125, 12.125, 10.875, 12 ], "texture": "#texture" },
				"north": { "uv": [ 14.625, 14.875, 12.875, 15.125 ], "texture": "#texture" },
				"south": { "uv": [ 7.625, 15.125, 9.375, 15.375 ], "texture": "#texture" },
				"west": { "uv": [ 15.75, 15.375, 15.875, 15.625 ], "texture": "#texture" },
				"east": { "uv": [ 9.125, 8.75, 9, 9 ], "texture": "#texture" }
			}
		},
		{
			"__comment": "Voxels",
			"from": [ 4.5, 8, 4.5 ],
			"to": [ 11.5, 8.5, 5.5 ],
			"faces": {
				"down": { "uv": [ 9.375, 15.125, 11.125, 15.375 ], "texture": "#texture" },
				"up": { "uv": [ 11.125, 15.375, 12.875, 15.125 ], "texture": "#texture" },
				"north": { "uv": [ 10.875, 11.75, 9.125, 11.875 ], "texture": "#texture" },
				"south": { "uv": [ 9.125, 11.625, 10.875, 11.75 ], "texture": "#texture" },
				"west": { "uv": [ 15.625, 13.5, 15.875, 13.625 ], "texture": "#texture" },
				"east": { "uv": [ 15.625, 13.5, 15.375, 13.625 ], "texture": "#texture" }
			}
		},
		{
			"__comment": "Voxels",
			"from": [ 4.5, 8, 10.5 ],
			"to": [ 11.5, 8.5, 11.5 ],
			"faces": {
				"down": { "uv": [ 12.875, 15.125, 14.625, 15.375 ], "texture": "#texture" },
				"up": { "uv": [ 7.625, 15.125, 9.375, 14.875 ], "texture": "#texture" },
				"north": { "uv": [ 10.875, 11.5, 9.125, 11.625 ], "texture": "#texture" },
				"south": { "uv": [ 9.125, 11.375, 10.875, 11.5 ], "texture": "#texture" },
				"west": { "uv": [ 8.5, 8, 8.75, 8.125 ], "texture": "#texture" },
				"east": { "uv": [ 8.75, 8.25, 8.5, 8.375 ], "texture": "#texture" }
			}
		},
		{
			"__comment": "Voxels",
			"from": [ 4.5, 8.5, 6.5 ],
			"to": [ 11.5, 9, 9.5 ],
			"faces": {
				"down": { "uv": [ 2.375, 12.75, 4.125, 13.5 ], "texture": "#texture" },
				"up": { "uv": [ 2.375, 14.25, 4.125, 13.5 ], "texture": "#texture" },
				"north": { "uv": [ 12.75, 13.125, 11, 13.25 ], "texture": "#texture" },
				"south": { "uv": [ 12.75, 13.125, 14.5, 13.25 ], "texture": "#texture" },
				"west": { "uv": [ 5.5, 10.5, 6.25, 10.625 ], "texture": "#texture" },
				"east": { "uv": [ 6.25, 10.625, 5.5, 10.75 ], "texture": "#texture" }
			}
		},
		{
			"__comment": "Voxels",
			"from": [ 5, 4, 1.5 ],
			"to": [ 11, 5, 2 ],
			"faces": {
				"down": { "uv": [ 7.625, 13.25, 9.125, 13.375 ], "texture": "#texture" },
				"up": { "uv": [ 7.625, 13.5, 9.125, 13.375 ], "texture": "#texture" },
				"north": { "uv": [ 15.625, 14.625, 14.125, 14.875 ], "texture": "#texture" },
				"south": { "uv": [ 7.625, 14.125, 9.125, 14.375 ], "texture": "#texture" },
				"west": { "uv": [ 7.75, 8.125, 7.875, 8.375 ], "texture": "#texture" },
				"east": { "uv": [ 16, 15.375, 15.875, 15.625 ], "texture": "#texture" }
			}
		},
		{
			"__comment": "Voxels",
			"from": [ 5, 4, 12 ],
			"to": [ 6, 7.5, 12.5 ],
			"faces": {
				"down": { "uv": [ 8.75, 8.5, 9, 8.625 ], "texture": "#texture" },
				"up": { "uv": [ 8.5, 8.625, 8.75, 8.5 ], "texture": "#texture" },
				"north": { "uv": [ 6.625, 12.75, 6.375, 13.625 ], "texture": "#texture" },
				"south": { "uv": [ 6.625, 12.75, 6.875, 13.625 ], "texture": "#texture" },
				"west": { "uv": [ 7.75, 8.375, 7.875, 9.25 ], "texture": "#texture" },
				"east": { "uv": [ 8.75, 9.25, 8.625, 10.125 ], "texture": "#texture" }
			}
		},
		{
			"__comment": "Voxels",
			"from": [ 5, 4.5, 4 ],
			"to": [ 12, 7, 4.5 ],
			"faces": {
				"down": { "uv": [ 9.125, 12.625, 10.875, 12.75 ], "texture": "#texture" },
				"up": { "uv": [ 9.125, 12.625, 10.875, 12.5 ], "texture": "#texture" },
				"north": { "uv": [ 4.125, 11.5, 2.375, 12.125 ], "texture": "#texture" },
				"south": { "uv": [ 2.375, 12.125, 4.125, 12.75 ], "texture": "#texture" },
				"west": { "uv": [ 6.25, 12.5, 6.375, 13.125 ], "texture": "#texture" },
				"east": { "uv": [ 6.375, 13.125, 6.25, 13.75 ], "texture": "#texture" }
			}
		},
		{
			"__comment": "Voxels",
			"from": [ 5, 5, 2 ],
			"to": [ 11, 5.5, 2.5 ],
			"faces": {
				"down": { "uv": [ 7.625, 13.625, 9.125, 13.75 ], "texture": "#texture" },
				"up": { "uv": [ 7.625, 12.75, 9.125, 12.625 ], "texture": "#texture" },
				"north": { "uv": [ 9.125, 12.75, 7.625, 12.875 ], "texture": "#texture" },
				"south": { "uv": [ 7.625, 12.875, 9.125, 13 ], "texture": "#texture" },
				"west": { "uv": [ 9, 10.375, 9.125, 10.5 ], "texture": "#texture" },
				"east": { "uv": [ 9.125, 11.5, 9, 11.625 ], "texture": "#texture" }
			}
		},
		{
			"__comment": "Voxels",
			"from": [ 5, 5.5, 3.5 ],
			"to": [ 11, 7.5, 4 ],
			"faces": {
				"down": { "uv": [ 7.625, 13.75, 9.125, 13.875 ], "texture": "#texture" },
				"up": { "uv": [ 7.625, 14, 9.125, 13.875 ], "texture": "#texture" },
				"north": { "uv": [ 3.875, 8, 2.375, 8.5 ], "texture": "#texture" },
				"south": { "uv": [ 4.25, 8.25, 5.75, 8.75 ], "texture": "#texture" },
				"west": { "uv": [ 8.75, 8.75, 8.875, 9.25 ], "texture": "#texture" },
				"east": { "uv": [ 8.625, 8.75, 8.5, 9.25 ], "texture": "#texture" }
			}
		},
		{
			"__comment": "Voxels",
			"from": [ 5, 8.5, 5.5 ],
			"to": [ 11, 9, 6.5 ],
			"faces": {
				"down": { "uv": [ 4.25, 8, 5.75, 8.25 ], "texture": "#texture" },
				"up": { "uv": [ 11.125, 14.875, 12.625, 14.625 ], "texture": "#texture" },
				"north": { "uv": [ 9.125, 14, 7.625, 14.125 ], "texture": "#texture" },
				"south": { "uv": [ 7.625, 13.5, 9.125, 13.625 ], "texture": "#texture" },
				"west": { "uv": [ 8.875, 12.5, 9.125, 12.625 ], "texture": "#texture" },
				"east": { "uv": [ 9.125, 8.625, 8.875, 8.75 ], "texture": "#texture" }
			}
		},
		{
			"__comment": "Voxels",
			"from": [ 5, 8.5, 9.5 ],
			"to": [ 11, 9, 10.5 ],
			"faces": {
				"down": { "uv": [ 12.625, 14.625, 14.125, 14.875 ], "texture": "#texture" },
				"up": { "uv": [ 7.625, 14.625, 9.125, 14.375 ], "texture": "#texture" },
				"north": { "uv": [ 9.125, 13, 7.625, 13.125 ], "texture": "#texture" },
				"south": { "uv": [ 7.625, 13.125, 9.125, 13.25 ], "texture": "#texture" },
				"west": { "uv": [ 8.5, 8.375, 8.75, 8.5 ], "texture": "#texture" },
				"east": { "uv": [ 9, 8.375, 8.75, 8.5 ], "texture": "#texture" }
			}
		},
		{
			"__comment": "Voxels",
			"from": [ 5.5, 4, 1 ],
			"to": [ 10.5, 5, 1.5 ],
			"faces": {
				"down": { "uv": [ 6.375, 9.625, 7.625, 9.75 ], "texture": "#texture" },
				"up": { "uv": [ 6.375, 9.875, 7.625, 9.75 ], "texture": "#texture" },
				"north": { "uv": [ 7.625, 14.125, 6.375, 14.375 ], "texture": "#texture" },
				"south": { "uv": [ 6.375, 14.375, 7.625, 14.625 ], "texture": "#texture" },
				"west": { "uv": [ 8.25, 8.125, 8.375, 8.375 ], "texture": "#texture" },
				"east": { "uv": [ 8, 8.125, 7.875, 8.375 ], "texture": "#texture" }
			}
		},
		{
			"__comment": "Voxels",
			"from": [ 5.5, 4, 12.5 ],
			"to": [ 10.5, 7.5, 13 ],
			"faces": {
				"down": { "uv": [ 6.375, 11.25, 7.625, 11.375 ], "texture": "#texture" },
				"up": { "uv": [ 6.375, 11.5, 7.625, 11.375 ], "texture": "#texture" },
				"north": { "uv": [ 3.625, 9.75, 2.375, 10.625 ], "texture": "#texture" },
				"south": { "uv": [ 2.375, 10.625, 3.625, 11.5 ], "texture": "#texture" },
				"west": { "uv": [ 8.125, 9.25, 8.25, 10.125 ], "texture": "#texture" },
				"east": { "uv": [ 8.375, 9.25, 8.25, 10.125 ], "texture": "#texture" }
			}
		},
		{
			"__comment": "Voxels",
			"from": [ 5.5, 4.5, 11.5 ],
			"to": [ 12, 7, 12 ],
			"faces": {
				"down": { "uv": [ 9.125, 11.25, 10.75, 11.375 ], "texture": "#texture" },
				"up": { "uv": [ 9.125, 11.25, 10.75, 11.125 ], "texture": "#texture" },
				"north": { "uv": [ 4, 8.5, 2.375, 9.125 ], "texture": "#texture" },
				"south": { "uv": [ 2.375, 9.125, 4, 9.75 ], "texture": "#texture" },
				"west": { "uv": [ 4.125, 12.125, 4.25, 12.75 ], "texture": "#texture" },
				"east": { "uv": [ 6.375, 8.125, 6.25, 8.75 ], "texture": "#texture" }
			}
		},
		{
			"__comment": "Voxels",
			"from": [ 5.5, 5, 1.5 ],
			"to": [ 10.5, 5.5, 2 ],
			"faces": {
				"down": { "uv": [ 6.375, 11, 7.625, 11.125 ], "texture": "#texture" },
				"up": { "uv": [ 6.375, 9.625, 7.625, 9.5 ], "texture": "#texture" },
				"north": { "uv": [ 7.625, 9.375, 6.375, 9.5 ], "texture": "#texture" },
				"south": { "uv": [ 14.625, 14.875, 15.875, 15 ], "texture": "#texture" },
				"west": { "uv": [ 9, 12.375, 9.125, 12.5 ], "texture": "#texture" },
				"east": { "uv": [ 16, 14.875, 15.875, 15 ], "texture": "#texture" }
			}
		},
		{
			"__comment": "Voxels",
			"from": [ 5.5, 5.5, 3 ],
			"to": [ 10.5, 7.5, 3.5 ],
			"faces": {
				"down": { "uv": [ 6.375, 10.375, 7.625, 10.5 ], "texture": "#texture" },
				"up": { "uv": [ 6.375, 10.375, 7.625, 10.25 ], "texture": "#texture" },
				"north": { "uv": [ 7.625, 15.125, 6.375, 15.625 ], "texture": "#texture" },
				"south": { "uv": [ 6.375, 14.625, 7.625, 15.125 ], "texture": "#texture" },
				"west": { "uv": [ 8.875, 8.75, 9, 9.25 ], "texture": "#texture" },
				"east": { "uv": [ 8.75, 8.75, 8.625, 9.25 ], "texture": "#texture" }
			}
		},
		{
			"__comment": "Voxels",
			"from": [ 5.5, 7.5, 3.5 ],
			"to": [ 10.5, 8, 4 ],
			"faces": {
				"down": { "uv": [ 14.625, 15.125, 15.875, 15.25 ], "texture": "#texture" },
				"up": { "uv": [ 14.625, 15.375, 15.875, 15.25 ], "texture": "#texture" },
				"north": { "uv": [ 7.625, 8, 6.375, 8.125 ], "texture": "#texture" },
				"south": { "uv": [ 6.375, 9.125, 7.625, 9.25 ], "texture": "#texture" },
				"west": { "uv": [ 6.25, 10, 6.375, 10.125 ], "texture": "#texture" },
				"east": { "uv": [ 6.375, 10.125, 6.25, 10.25 ], "texture": "#texture" }
			}
		},
		{
			"__comment": "Voxels",
			"from": [ 5.5, 7.5, 12 ],
			"to": [ 10.5, 8, 12.5 ],
			"faces": {
				"down": { "uv": [ 6.375, 10.75, 7.625, 10.875 ], "texture": "#texture" },
				"up": { "uv": [ 6.375, 11.25, 7.625, 11.125 ], "texture": "#texture" },
				"north": { "uv": [ 7.625, 8.25, 6.375, 8.375 ], "texture": "#texture" },
				"south": { "uv": [ 6.375, 10.875, 7.625, 11 ], "texture": "#texture" },
				"west": { "uv": [ 6.25, 10.625, 6.375, 10.75 ], "texture": "#texture" },
				"east": { "uv": [ 6.375, 10.5, 6.25, 10.625 ], "texture": "#texture" }
			}
		},
		{
			"__comment": "Voxels",
			"from": [ 5.5, 8, 4 ],
			"to": [ 10.5, 8.5, 4.5 ],
			"faces": {
				"down": { "uv": [ 6.375, 9.875, 7.625, 10 ], "texture": "#texture" },
				"up": { "uv": [ 6.375, 9.375, 7.625, 9.25 ], "texture": "#texture" },
				"north": { "uv": [ 7.625, 11.625, 6.375, 11.75 ], "texture": "#texture" },
				"south": { "uv": [ 6.375, 11.75, 7.625, 11.875 ], "texture": "#texture" },
				"west": { "uv": [ 9, 11.75, 9.125, 11.875 ], "texture": "#texture" },
				"east": { "uv": [ 9.125, 11.625, 9, 11.75 ], "texture": "#texture" }
			}
		},
		{
			"__comment": "Voxels",
			"from": [ 5.5, 8, 11.5 ],
			"to": [ 10.5, 8.5, 12 ],
			"faces": {
				"down": { "uv": [ 6.375, 10.125, 7.625, 10.25 ], "texture": "#texture" },
				"up": { "uv": [ 6.375, 10.125, 7.625, 10 ], "texture": "#texture" },
				"north": { "uv": [ 15.875, 15, 14.625, 15.125 ], "texture": "#texture" },
				"south": { "uv": [ 6.375, 8.375, 7.625, 8.5 ], "texture": "#texture" },
				"west": { "uv": [ 9, 8.5, 9.125, 8.625 ], "texture": "#texture" },
				"east": { "uv": [ 9.125, 8.375, 9, 8.5 ], "texture": "#texture" }
			}
		},
		{
			"__comment": "Voxels",
			"from": [ 5.5, 8.5, 5 ],
			"to": [ 10.5, 9, 5.5 ],
			"faces": {
				"down": { "uv": [ 6.375, 8.5, 7.625, 8.625 ], "texture": "#texture" },
				"up": { "uv": [ 6.375, 8.75, 7.625, 8.625 ], "texture": "#texture" },
				"north": { "uv": [ 7.625, 8.875, 6.375, 9 ], "texture": "#texture" },
				"south": { "uv": [ 6.375, 9, 7.625, 9.125 ], "texture": "#texture" },
				"west": { "uv": [ 10.75, 10.875, 10.875, 11 ], "texture": "#texture" },
				"east": { "uv": [ 9.25, 10.75, 9.125, 10.875 ], "texture": "#texture" }
			}
		},
		{
			"__comment": "Voxels",
			"from": [ 5.5, 8.5, 10.5 ],
			"to": [ 10.5, 9, 11 ],
			"faces": {
				"down": { "uv": [ 6.375, 10.625, 7.625, 10.75 ], "texture": "#texture" },
				"up": { "uv": [ 6.375, 11.625, 7.625, 11.5 ], "texture": "#texture" },
				"north": { "uv": [ 7.625, 8.75, 6.375, 8.875 ], "texture": "#texture" },
				"south": { "uv": [ 7.625, 12.5, 8.875, 12.625 ], "texture": "#texture" },
				"west": { "uv": [ 10.5, 10.75, 10.625, 10.875 ], "texture": "#texture" },
				"east": { "uv": [ 10.75, 10.75, 10.625, 10.875 ], "texture": "#texture" }
			}
		},
		{
			"__comment": "Voxels",
			"from": [ 6, 4, 0.5 ],
			"to": [ 10, 5, 1 ],
			"faces": {
				"down": { "uv": [ 8, 12, 9, 12.125 ], "texture": "#texture" },
				"up": { "uv": [ 8, 12.25, 9, 12.125 ], "texture": "#texture" },
				"north": { "uv": [ 7.375, 13.875, 6.375, 14.125 ], "texture": "#texture" },
				"south": { "uv": [ 6.375, 13.625, 7.375, 13.875 ], "texture": "#texture" },
				"west": { "uv": [ 8, 8.125, 8.125, 8.375 ], "texture": "#texture" },
				"east": { "uv": [ 8.25, 8.125, 8.125, 8.375 ], "texture": "#texture" }
			}
		},
		{
			"__comment": "Voxels",
			"from": [ 6, 4.5, 12 ],
			"to": [ 11, 7.5, 12.5 ],
			"faces": {
				"down": { "uv": [ 6.375, 10.5, 7.625, 10.625 ], "texture": "#texture" },
				"up": { "uv": [ 6.375, 8.25, 7.625, 8.125 ], "texture": "#texture" },
				"north": { "uv": [ 5.5, 10, 4.25, 10.75 ], "texture": "#texture" },
				"south": { "uv": [ 4.25, 10.75, 5.5, 11.5 ], "texture": "#texture" },
				"west": { "uv": [ 4.125, 12.75, 4.25, 13.5 ], "texture": "#texture" },
				"east": { "uv": [ 6.375, 10.75, 6.25, 11.5 ], "texture": "#texture" }
			}
		},
		{
			"__comment": "Voxels",
			"from": [ 6, 5, 1 ],
			"to": [ 10, 5.5, 1.5 ],
			"faces": {
				"down": { "uv": [ 8, 11.5, 9, 11.625 ], "texture": "#texture" },
				"up": { "uv": [ 8.125, 11.5, 9.125, 11.375 ], "texture": "#texture" },
				"north": { "uv": [ 9.125, 11.25, 8.125, 11.375 ], "texture": "#texture" },
				"south": { "uv": [ 8.125, 11.125, 9.125, 11.25 ], "texture": "#texture" },
				"west": { "uv": [ 7.75, 8, 7.875, 8.125 ], "texture": "#texture" },
				"east": { "uv": [ 8, 8, 7.875, 8.125 ], "texture": "#texture" }
			}
		},
		{
			"__comment": "Voxels",
			"from": [ 6, 7.5, 3 ],
			"to": [ 10, 8, 3.5 ],
			"faces": {
				"down": { "uv": [ 8.125, 11, 9.125, 11.125 ], "texture": "#texture" },
				"up": { "uv": [ 8.125, 11, 9.125, 10.875 ], "texture": "#texture" },
				"north": { "uv": [ 9.125, 10.75, 8.125, 10.875 ], "texture": "#texture" },
				"south": { "uv": [ 8.125, 10.625, 9.125, 10.75 ], "texture": "#texture" },
				"west": { "uv": [ 9, 8.25, 9.125, 8.375 ], "texture": "#texture" },
				"east": { "uv": [ 9.125, 8.125, 9, 8.25 ], "texture": "#texture" }
			}
		},
		{
			"__comment": "Voxels",
			"from": [ 6, 7.5, 12.5 ],
			"to": [ 10, 8, 13 ],
			"faces": {
				"down": { "uv": [ 8.125, 10.5, 9.125, 10.625 ], "texture": "#texture" },
				"up": { "uv": [ 7.625, 10.5, 8.625, 10.375 ], "texture": "#texture" },
				"north": { "uv": [ 8.625, 10.25, 7.625, 10.375 ], "texture": "#texture" },
				"south": { "uv": [ 7.625, 10.125, 8.625, 10.25 ], "texture": "#texture" },
				"west": { "uv": [ 10.25, 10.875, 10.375, 11 ], "texture": "#texture" },
				"east": { "uv": [ 10.5, 10.875, 10.375, 11 ], "texture": "#texture" }
			}
		},
		{
			"__comment": "Voxels",
			"from": [ 6, 8, 3.5 ],
			"to": [ 10, 8.5, 4 ],
			"faces": {
				"down": { "uv": [ 6.625, 12.625, 7.625, 12.75 ], "texture": "#texture" },
				"up": { "uv": [ 6.625, 12.625, 7.625, 12.5 ], "texture": "#texture" },
				"north": { "uv": [ 7.625, 12.375, 6.625, 12.5 ], "texture": "#texture" },
				"south": { "uv": [ 6.625, 12.25, 7.625, 12.375 ], "texture": "#texture" },
				"west": { "uv": [ 9.5, 10.75, 9.625, 10.875 ], "texture": "#texture" },
				"east": { "uv": [ 9.75, 10.75, 9.625, 10.875 ], "texture": "#texture" }
			}
		},
		{
			"__comment": "Voxels",
			"from": [ 6, 8, 12 ],
			"to": [ 10, 8.5, 12.5 ],
			"faces": {
				"down": { "uv": [ 6.625, 12.125, 7.625, 12.25 ], "texture": "#texture" },
				"up": { "uv": [ 6.625, 12.125, 7.625, 12 ], "texture": "#texture" },
				"north": { "uv": [ 7.625, 11.875, 6.625, 12 ], "texture": "#texture" },
				"south": { "uv": [ 8, 11.625, 9, 11.75 ], "texture": "#texture" },
				"west": { "uv": [ 10.75, 10.75, 10.875, 10.875 ], "texture": "#texture" },
				"east": { "uv": [ 9.25, 10.625, 9.125, 10.75 ], "texture": "#texture" }
			}
		},
		{
			"__comment": "Voxels",
			"from": [ 6.5, 8.5, 4.5 ],
			"to": [ 9.5, 9, 5 ],
			"faces": {
				"down": { "uv": [ 5.5, 10.375, 6.25, 10.5 ], "texture": "#texture" },
				"up": { "uv": [ 5.5, 10.375, 6.25, 10.25 ], "texture": "#texture" },
				"north": { "uv": [ 6.25, 10.125, 5.5, 10.25 ], "texture": "#texture" },
				"south": { "uv": [ 5.5, 10, 6.25, 10.125 ], "texture": "#texture" },
				"west": { "uv": [ 6.25, 10.375, 6.375, 10.5 ], "texture": "#texture" },
				"east": { "uv": [ 6.375, 10.25, 6.25, 10.375 ], "texture": "#texture" }
			}
		},
		{
			"__comment": "Voxels",
			"from": [ 6.5, 8.5, 11 ],
			"to": [ 9.5, 9, 11.5 ],
			"faces": {
				"down": { "uv": [ 15.125, 14, 15.875, 14.125 ], "texture": "#texture" },
				"up": { "uv": [ 15.125, 14, 15.875, 13.875 ], "texture": "#texture" },
				"north": { "uv": [ 15.875, 13.75, 15.125, 13.875 ], "texture": "#texture" },
				"south": { "uv": [ 15.125, 13.625, 15.875, 13.75 ], "texture": "#texture" },
				"west": { "uv": [ 15.875, 15.125, 16, 15.25 ], "texture": "#texture" },
				"east": { "uv": [ 16, 15, 15.875, 15.125 ], "texture": "#texture" }
			}
		},
		{
			"__comment": "Voxels",
			"from": [ 10, 4, 12 ],
			"to": [ 11, 4.5, 12.5 ],
			"faces": {
				"down": { "uv": [ 8.75, 8.25, 9, 8.375 ], "texture": "#texture" },
				"up": { "uv": [ 8.75, 8.25, 9, 8.125 ], "texture": "#texture" },
				"north": { "uv": [ 9, 8, 8.75, 8.125 ], "texture": "#texture" },
				"south": { "uv": [ 15.125, 13.5, 15.375, 13.625 ], "texture": "#texture" },
				"west": { "uv": [ 9, 12, 9.125, 12.125 ], "texture": "#texture" },
				"east": { "uv": [ 9.125, 11.875, 9, 12 ], "texture": "#texture" }
			}
		},
		{
			"__comment": "Voxels",
			"from": [ 10.5, 4, 11.5 ],
			"to": [ 12, 4.5, 12 ],
			"faces": {
				"down": { "uv": [ 3.625, 9.75, 4, 9.875 ], "texture": "#texture" },
				"up": { "uv": [ 15.625, 14.875, 16, 14.75 ], "texture": "#texture" },
				"north": { "uv": [ 9, 10.375, 8.625, 10.5 ], "texture": "#texture" },
				"south": { "uv": [ 15.625, 14.625, 16, 14.75 ], "texture": "#texture" },
				"west": { "uv": [ 9, 10.25, 9.125, 10.375 ], "texture": "#texture" },
				"east": { "uv": [ 9.125, 10.125, 9, 10.25 ], "texture": "#texture" }
			}
		},
		{
			"__comment": "Voxels",
			"from": [ 11, 4, 4 ],
			"to": [ 12, 4.5, 4.5 ],
			"faces": {
				"down": { "uv": [ 15.125, 13.375, 15.375, 13.5 ], "texture": "#texture" },
				"up": { "uv": [ 15.375, 13.5, 15.625, 13.375 ], "texture": "#texture" },
				"north": { "uv": [ 15.875, 13.375, 15.625, 13.5 ], "texture": "#texture" },
				"south": { "uv": [ 15, 13.25, 15.25, 13.375 ], "texture": "#texture" },
				"west": { "uv": [ 8.25, 8, 8.375, 8.125 ], "texture": "#texture" },
				"east": { "uv": [ 8.5, 8, 8.375, 8.125 ], "texture": "#texture" }
			}
		},
		{
			"__comment": "Voxels",
			"from": [ 11.5, 4, 4.5 ],
			"to": [ 12.5, 4.5, 5 ],
			"faces": {
				"down": { "uv": [ 15.25, 13.25, 15.5, 13.375 ], "texture": "#texture" },
				"up": { "uv": [ 15.5, 13.375, 15.75, 13.25 ], "texture": "#texture" },
				"north": { "uv": [ 16, 13.25, 15.75, 13.375 ], "texture": "#texture" },
				"south": { "uv": [ 14.5, 13.125, 14.75, 13.25 ], "texture": "#texture" },
				"west": { "uv": [ 9, 8, 9.125, 8.125 ], "texture": "#texture" },
				"east": { "uv": [ 16, 14.5, 15.875, 14.625 ], "texture": "#texture" }
			}
		},
		{
			"__comment": "Voxels",
			"from": [ 11.5, 4, 10.5 ],
			"to": [ 12.5, 4.5, 11 ],
			"faces": {
				"down": { "uv": [ 9.875, 10.875, 10.125, 11 ], "texture": "#texture" },
				"up": { "uv": [ 14.75, 13.25, 15, 13.125 ], "texture": "#texture" },
				"north": { "uv": [ 15.25, 13.125, 15, 13.25 ], "texture": "#texture" },
				"south": { "uv": [ 15.25, 13.125, 15.5, 13.25 ], "texture": "#texture" },
				"west": { "uv": [ 15.875, 13.875, 16, 14 ], "texture": "#texture" },
				"east": { "uv": [ 16, 13.75, 15.875, 13.875 ], "texture": "#texture" }
			}
		},
		{
			"__comment": "Voxels",
			"from": [ 11.5, 4, 11 ],
			"to": [ 12, 4.5, 11.5 ],
			"faces": {
				"down": { "uv": [ 15.875, 13.625, 16, 13.75 ], "texture": "#texture" },
				"up": { "uv": [ 15.875, 13.625, 16, 13.5 ], "texture": "#texture" },
				"north": { "uv": [ 16, 13.375, 15.875, 13.5 ], "texture": "#texture" },
				"south": { "uv": [ 10.75, 11.25, 10.875, 11.375 ], "texture": "#texture" },
				"west": { "uv": [ 10.75, 11.125, 10.875, 11.25 ], "texture": "#texture" },
				"east": { "uv": [ 10.25, 10.875, 10.125, 11 ], "texture": "#texture" }
			}
		},
		{
			"__comment": "Voxels",
			"from": [ 12, 4, 5 ],
			"to": [ 12.5, 4.5, 6 ],
			"faces": {
				"down": { "uv": [ 8.375, 8.125, 8.5, 8.375 ], "texture": "#texture" },
				"up": { "uv": [ 9, 9.25, 9.125, 9 ], "texture": "#texture" },
				"north": { "uv": [ 10.625, 10.875, 10.5, 11 ], "texture": "#texture" },
				"south": { "uv": [ 10.625, 10.875, 10.75, 11 ], "texture": "#texture" },
				"west": { "uv": [ 15.5, 13.125, 15.75, 13.25 ], "texture": "#texture" },
				"east": { "uv": [ 16, 13.125, 15.75, 13.25 ], "texture": "#texture" }
			}
		},
		{
			"__comment": "Voxels",
			"from": [ 12, 4, 10 ],
			"to": [ 13, 4.5, 10.5 ],
			"faces": {
				"down": { "uv": [ 9.125, 11, 9.375, 11.125 ], "texture": "#texture" },
				"up": { "uv": [ 9.375, 11.125, 9.625, 11 ], "texture": "#texture" },
				"north": { "uv": [ 9.875, 11, 9.625, 11.125 ], "texture": "#texture" },
				"south": { "uv": [ 9.875, 11, 10.125, 11.125 ], "texture": "#texture" },
				"west": { "uv": [ 9.75, 10.75, 9.875, 10.875 ], "texture": "#texture" },
				"east": { "uv": [ 10, 10.75, 9.875, 10.875 ], "texture": "#texture" }
			}
		},
		{
			"__comment": "Voxels",
			"from": [ 12.5, 4, 5.5 ],
			"to": [ 13, 7.5, 6 ],
			"faces": {
				"down": { "uv": [ 10, 10.75, 10.125, 10.875 ], "texture": "#texture" },
				"up": { "uv": [ 10.125, 10.875, 10.25, 10.75 ], "texture": "#texture" },
				"north": { "uv": [ 8.875, 9.25, 8.75, 10.125 ], "texture": "#texture" },
				"south": { "uv": [ 8.125, 8.375, 8.25, 9.25 ], "texture": "#texture" },
				"west": { "uv": [ 8.875, 9.25, 9, 10.125 ], "texture": "#texture" },
				"east": { "uv": [ 8.625, 9.25, 8.5, 10.125 ], "texture": "#texture" }
			}
		},
		{
			"__comment": "Voxels",
			"from": [ 12.5, 4, 6 ],
			"to": [ 13, 4.5, 10 ],
			"faces": {
				"down": { "uv": [ 7.75, 11.5, 7.875, 12.5 ], "texture": "#texture" },
				"up": { "uv": [ 7.875, 12.5, 8, 11.5 ], "texture": "#texture" },
				"north": { "uv": [ 9.375, 10.625, 9.25, 10.75 ], "texture": "#texture" },
				"south": { "uv": [ 9.375, 10.625, 9.5, 10.75 ], "texture": "#texture" },
				"west": { "uv": [ 8, 12.375, 9, 12.5 ], "texture": "#texture" },
				"east": { "uv": [ 9, 12.25, 8, 12.375 ], "texture": "#texture" }
			}
		},
		{
			"__comment": "Box69",
			"from": [ 6.5, 5.5, 2.875 ],
			"to": [ 9.5, 7.5, 2.876 ],
			"faces": {
				"down": { "uv": [ 0, 15.999, 3, 16 ], "texture": "#texture1" },
				"up": { "uv": [ 4, 1.5, 7, 1.501 ], "texture": "#texture1" },
				"north": { "uv": [ 0, 0, 16, 10.5 ], "texture": "#texture1" },
				"south": { "uv": [ 0, 0, 3, 2.5 ], "texture": "#texture1" },
				"west": { "uv": [ 0, 0, 0.000999928, 2.5 ], "texture": "#texture1" },
				"east": { "uv": [ 15.999, 0, 16, 2.5 ], "texture": "#texture1" }
			}
		}
	],
	"display": {
		"thirdperson_righthand": {
			"rotation":  [ 0, -90, 55 ],
			"translation":  [ 0, 4, 0.5 ],
			"scale":  [ 0.85, 0.85, 0.85 ]
		},
		"thirdperson_lefthand": {
			"rotation":  [ 0, -90, 55 ],
			"translation":  [ 0, 4, 0.5 ],
			"scale":  [ 0.85, 0.85, 0.85 ]
		},
		"gui": {
			"rotation":  [ 10, -32, 0 ],
			"scale":  [ 1, 1.1, 1.1 ]
		},
		"head": {
			"rotation":  [ 0, -180, 0 ],
			"translation":  [ 0, 9.7391, 0 ],
			"scale":  [ 1.9, 2.1, 2 ]
		},
		"ground": {
			"translation":  [ 0, 1, 0 ],
			"scale":  [ 1.1, 1.1, 1.2 ]
		},
		"fixed": {
			"scale":  [ 0.0001, 0.0001, 0.0001 ]
		}
	}
}
